entry-number.x,entry-timestamp.x,item-hash.x,local-authority-eng.x,local-authority-type.x,name,official-name.x,eh.name,eh.link,ts.name,ts.link
357,2017-01-26T12:34:10Z,sha-256:3f4da33a33c24de11cca3539f14ee663359608be0ba218d4fc05792c1d19c00f,KIN,NMD,King's Lynn and West Norfolk,Borough Council of King's Lynn and West Norfolk,Borough Council of King's Lynn and West Norfolk,https://www.west-norfolk.gov.uk,Norfolk County Council,https://www.norfolk.gov.uk
356,2016-11-01T14:16:54Z,sha-256:0a7aa05f73f326b9b39b0cfc56dc81fe65c89500fae187e57c40e1a23b98c3e6,GLA,SRA,Greater London,Greater London Authority,Greater London Authority,https://www.london.gov.uk,Greater London Authority,https://www.london.gov.uk
355,2016-10-31T12:59:03Z,sha-256:bd44ad24086b31a5d8bf6c2a0a66c2018af6a69d7d9dcda68c0e23be974bffc5,LND,CC,City of London,City of London Corporation,City of London Corporation,https://www.cityoflondon.gov.uk,City of London Corporation,https://www.cityoflondon.gov.uk
354,2016-10-21T16:11:20Z,sha-256:f3ca6a2079d74458ea5580ce3a214a46fed27a4fdfda8249083ef33190a9d3ef,WOT,NMD,Worthing,Worthing Borough Council,Worthing Borough Council,https://www.adur-worthing.gov.uk,West Sussex County Council,https://www.westsussex.gov.uk
353,2016-10-21T16:11:20Z,sha-256:cf335994f3f1d8edbd3d073a785b9e155f6641e954f7aeec2699b68c2e46c760,MSS,NMD,Mid Sussex,Mid Sussex District Council,Mid Sussex District Council,http://www.midsussex.gov.uk,West Sussex County Council,https://www.westsussex.gov.uk
352,2016-10-21T16:11:20Z,sha-256:b1eb5994074932064b8f4af062fbcb6919d4cee1bbda86e0058152d516ecc05d,HOR,NMD,Horsham,Horsham District Council,Horsham District Council,https://www.horsham.gov.uk,West Sussex County Council,https://www.westsussex.gov.uk
351,2016-10-21T16:11:20Z,sha-256:e6319fbee3358007e746bc1abe5cf05e976872d693fc06ea96ac57113bc82978,CRW,NMD,Crawley,Crawley Borough Council,Crawley Borough Council,http://www.crawley.gov.uk,West Sussex County Council,https://www.westsussex.gov.uk
350,2016-10-21T16:11:20Z,sha-256:5c8e1cb88c57769c61eb43a8d93cd21be05028d42509ca8a3588bf556e2e69e7,CHI,NMD,Chichester,Chichester District Council,Chichester District Council,http://www.chichester.gov.uk,West Sussex County Council,https://www.westsussex.gov.uk
349,2016-10-21T16:11:20Z,sha-256:41322d455ccb8f19b0220f1fd0d231698b82162961c649920ad8b497149a039d,ARU,NMD,Arun,Arun District Council,Arun District Council,http://www.arun.gov.uk,West Sussex County Council,https://www.westsussex.gov.uk
348,2016-10-21T16:11:20Z,sha-256:e12026ce69abe71ea0fdde46d2b8916be218678ad227a8324075117565bec7ea,ADU,NMD,Adur,Adur District Council,Adur District Council,https://www.adur-worthing.gov.uk,West Sussex County Council,https://www.westsussex.gov.uk
346,2016-10-21T16:11:20Z,sha-256:0ae4443fcb4f35e8ec4aabe09fe0ad21bc44342979d22a11e3503bf68b15c404,WYE,NMD,Wyre Forest,Wyre Forest District Council,Wyre Forest District Council,http://www.wyreforestdc.gov.uk,Worcestershire County Council,https://www.worcestershire.gov.uk
345,2016-10-21T16:11:20Z,sha-256:98dfc01067abd5ef237b98d225b44a13d2acb5015334c006aec50f9792e554c7,WYC,NMD,Wychavon,Wychavon District Council,Wychavon District Council,https://www.wychavon.gov.uk,Worcestershire County Council,https://www.worcestershire.gov.uk
344,2016-10-21T16:11:20Z,sha-256:7451e0c604ab05b894317cce07e8764585e629cb32574c74cbb7240996934341,WOC,NMD,Worcester,Worcester City Council,Worcester City Council,https://www.worcester.gov.uk,Worcestershire County Council,https://www.worcestershire.gov.uk
343,2016-10-21T16:11:20Z,sha-256:f3e09da134e2f5a8fb060fd450008a2438fbe766a42143c65e8a689a5185f2a9,RED,NMD,Redditch,Redditch Borough Council,Redditch Borough Council,http://www.redditchbc.gov.uk,Worcestershire County Council,https://www.worcestershire.gov.uk
342,2016-10-21T16:11:20Z,sha-256:c59712aed6aa9d4140490204d4466acfa46c7a49db26493963898a0067935d71,MAV,NMD,Malvern Hills,Malvern Hills District Council,Malvern Hills District Council,https://www.malvernhills.gov.uk,Worcestershire County Council,https://www.worcestershire.gov.uk
341,2016-10-21T16:11:20Z,sha-256:8e32943d1b88ac0db29207ced5dcd2798d9b21a947105d600a7229008facd528,BRM,NMD,Bromsgrove,Bromsgrove District Council,Bromsgrove District Council,http://www.bromsgrove.gov.uk,Worcestershire County Council,https://www.worcestershire.gov.uk
339,2016-10-21T16:11:20Z,sha-256:d7474a288bab78324c3242763ec6d346c62032c8e3b8536605bbf317830d8324,WAW,NMD,Warwick,Warwick District Council,Warwick District Council,https://www.warwickdc.gov.uk,Warwickshire County Council,https://www.warwickshire.gov.uk
338,2016-10-21T16:11:20Z,sha-256:91e4936688120631021d869806771d6d13581a01d391cee9f41592a7c7e3bf84,STR,NMD,Stratford-on-Avon,Stratford-on-Avon District Council,Stratford-on-Avon District Council,https://www.stratford.gov.uk,Warwickshire County Council,https://www.warwickshire.gov.uk
337,2016-10-21T16:11:20Z,sha-256:a361dc394ca4800735a3f397fe427aab0260bffc34aeb5009221f67b08082529,RUG,NMD,Rugby,Rugby Borough Council,Rugby Borough Council,https://www.rugby.gov.uk,Warwickshire County Council,https://www.warwickshire.gov.uk
336,2016-10-21T16:11:20Z,sha-256:06bb6a85312ffc778cb3bf0fd8a154bbda87f41067df1318cde56f99615dfa6e,NUN,NMD,Nuneaton and Bedworth,Nuneaton and Bedworth Borough Council,Nuneaton and Bedworth Borough Council,https://www.nuneatonandbedworth.gov.uk,Warwickshire County Council,https://www.warwickshire.gov.uk
335,2016-10-21T16:11:20Z,sha-256:77bb0fb1a49488263065de0ee79bd2c47868f055b1d516f8d5bb72d192e68363,NWA,NMD,North Warwickshire,North Warwickshire Borough Council,North Warwickshire Borough Council,https://www.northwarks.gov.uk,Warwickshire County Council,https://www.warwickshire.gov.uk
333,2016-10-21T16:11:20Z,sha-256:61841ede5a84468503e87e94d21ef4d6fb63900252a1237d462255a614795c03,TAW,NMD,Tamworth,Tamworth Borough Council,Tamworth Borough Council,http://www.tamworth.gov.uk,Staffordshire County Council,https://www.staffordshire.gov.uk
332,2016-10-21T16:11:20Z,sha-256:9e03d140b4ab513dc73f8dc58203929965d0fb9674a1e794c1c579045daba4b2,STF,NMD,Staffordshire Moorlands,Staffordshire Moorlands District Council,Staffordshire Moorlands District Council,https://www.staffsmoorlands.gov.uk,Staffordshire County Council,https://www.staffordshire.gov.uk
331,2016-10-21T16:11:20Z,sha-256:0e6d3a5790abf0248d74e9e6cdacc422dea9f871f65587e62e6d3dca6964a344,STA,NMD,Stafford,Stafford Borough Council,Stafford Borough Council,http://www.staffordbc.gov.uk,Staffordshire County Council,https://www.staffordshire.gov.uk
330,2016-10-21T16:11:20Z,sha-256:197ab4e2192620c20faaa28361def2b754bf10db430809931e653f8d9d23c8ab,SST,NMD,South Staffordshire,South Staffordshire Council,South Staffordshire Council,https://www.sstaffs.gov.uk,Staffordshire County Council,https://www.staffordshire.gov.uk
329,2016-10-21T16:11:20Z,sha-256:0902806a03e50ea304f024d821906a0b73ee92b701d38ce8fd95eeb5be4194ec,NEC,NMD,Newcastle-under-Lyme,Newcastle-under-Lyme Borough Council,Newcastle-under-Lyme Borough Council,https://www.newcastle-staffs.gov.uk,Staffordshire County Council,https://www.staffordshire.gov.uk
328,2016-10-21T16:11:20Z,sha-256:add80a267b6c91a8d9204687228cf218269bb73c4a1429b9ef9f0fe803170193,LIF,NMD,Lichfield,Lichfield District Council,Lichfield District Council,https://lichfielddc.gov.uk,Staffordshire County Council,https://www.staffordshire.gov.uk
327,2016-10-21T16:11:20Z,sha-256:51b3fee88700b8cf64e4d07b94a423feef3a896108a69809b21e9f3d43f8c28d,EST,NMD,East Staffordshire,East Staffordshire Borough Council,East Staffordshire Borough Council,http://www.eaststaffsbc.gov.uk,Staffordshire County Council,https://www.staffordshire.gov.uk
326,2016-10-21T16:11:20Z,sha-256:e3f008a5b28ca2aefd80766ab307fabe24f3c112c49de79a8435fa4cc2202a7f,CAN,NMD,Cannock Chase,Cannock Chase District Council,Cannock Chase District Council,https://www.cannockchasedc.gov.uk,Staffordshire County Council,https://www.staffordshire.gov.uk
324,2016-10-21T16:11:20Z,sha-256:54abf291a420a2e1a0f1a035ffcef7a013912cc954a6978099826cecfd9190c0,WOI,NMD,Woking,Woking Borough Council,Woking Borough Council,https://www.woking.gov.uk,Surrey County Council,https://www.surreycc.gov.uk
323,2016-10-21T16:11:20Z,sha-256:1dedbc5cf4d86132f214da139e07989fd04de7a9e208f8c37f4dbb83df2ed44b,WAE,NMD,Waverley,Waverley Borough Council,Waverley Borough Council,http://www.waverley.gov.uk,Surrey County Council,https://www.surreycc.gov.uk
322,2016-10-21T16:11:20Z,sha-256:6a67419eaf640d4afbab68704b8b3fc6febf266cd57b842871d38a57d45df116,TAN,NMD,Tandridge,Tandridge District Council,Tandridge District Council,http://www.tandridge.gov.uk,Surrey County Council,https://www.surreycc.gov.uk
321,2016-10-21T16:11:20Z,sha-256:fe23a999e415da3b42c85e06878aa47b154c07fd2a3d5d5c880f77bcf846abbf,SUR,NMD,Surrey Heath,Surrey Heath Borough Council,Surrey Heath Borough Council,http://www.surreyheath.gov.uk,Surrey County Council,https://www.surreycc.gov.uk
320,2016-10-21T16:11:20Z,sha-256:3911c377e78ada6bda31652756dd77691efa7fd55220f8f52d7d9b611a7fd6c9,SPE,NMD,Spelthorne,Spelthorne Borough Council,Spelthorne Borough Council,https://www.spelthorne.gov.uk,Surrey County Council,https://www.surreycc.gov.uk
319,2016-10-21T16:11:20Z,sha-256:affd53cd4f5faf536e4fd4c2a3bc9635d0a07f8c707bec530e0aa341604c080c,RUN,NMD,Runnymede,Runnymede Borough Council,Runnymede Borough Council,https://www.runnymede.gov.uk,Surrey County Council,https://www.surreycc.gov.uk
318,2016-10-21T16:11:20Z,sha-256:7e7100f1dca9f14f1c18ca3f8a6e81fbf07ffc1a9947426970cd7ac3dcadcb8a,REI,NMD,Reigate and Banstead,Reigate and Banstead Borough Council,Reigate and Banstead Borough Council,http://www.reigate-banstead.gov.uk,Surrey County Council,https://www.surreycc.gov.uk
317,2016-10-21T16:11:20Z,sha-256:1ad4d4c1658a47db62d79b6cf2d00192b42e3cc4b5d0dec7debffb2d87944f18,MOL,NMD,Mole Valley,Mole Valley District Council,Mole Valley District Council,http://www.molevalley.gov.uk,Surrey County Council,https://www.surreycc.gov.uk
316,2016-10-21T16:11:20Z,sha-256:439022aeed11b0a0f8e2bd3b6fe8ae23174ab4e3dd4f36cc151c71c1b902cb7b,GRT,NMD,Guildford,Guildford Borough Council,Guildford Borough Council,https://www.guildford.gov.uk,Surrey County Council,https://www.surreycc.gov.uk
315,2016-10-21T16:11:20Z,sha-256:71e13a9e45cede8601dff4794170958a944ca0ea7250ec60f2ffc35be3b98afe,EPS,NMD,Epsom and Ewell,Epsom and Ewell Borough Council,Epsom and Ewell Borough Council,http://www.epsom-ewell.gov.uk,Surrey County Council,https://www.surreycc.gov.uk
314,2016-10-21T16:11:20Z,sha-256:8f09d358cd8cb3f903e6d688416624348174dd970b97513255bc79f09af903c3,ELM,NMD,Elmbridge,Elmbridge Borough Council,Elmbridge Borough Council,http://www.elmbridge.gov.uk,Surrey County Council,https://www.surreycc.gov.uk
312,2016-10-21T16:11:20Z,sha-256:ff48849f092a76efe9f23f5a32052f43b9a761756643695292f0cafe8e17bbe4,WSO,NMD,West Somerset,West Somerset District Council,West Somerset District Council,https://www.westsomersetonline.gov.uk,Somerset County Council,http://www.somerset.gov.uk
311,2016-10-21T16:11:20Z,sha-256:a26cbf150a776c20ac4a39e1d0d2ac54d575ffa9474633a0db9cec139860ad9c,TAU,NMD,Taunton Deane,Taunton Deane Borough Council,Taunton Deane Borough Council,http://www.tauntondeane.gov.uk,Somerset County Council,http://www.somerset.gov.uk
310,2016-10-21T16:11:20Z,sha-256:4b8a1f0ea5bbc339db9dc7aea664e57cde92a54568a8b5c936045af83bfe22c4,SSO,NMD,South Somerset,South Somerset District Council,South Somerset District Council,https://www.southsomerset.gov.uk,Somerset County Council,http://www.somerset.gov.uk
309,2016-10-21T16:11:20Z,sha-256:3733e3f887f0333738414e82814d109cb8b772530e6ccf71c7d5be1bf2443447,SEG,NMD,Sedgemoor,Sedgemoor District Council,Sedgemoor District Council,http://www.sedgemoor.gov.uk,Somerset County Council,http://www.somerset.gov.uk
308,2016-10-21T16:11:20Z,sha-256:66c102c040a6767e8efbaf565e70779b94b944322d97f37486806d7eb58a44b2,MEN,NMD,Mendip,Mendip District Council,Mendip District Council,http://www.mendip.gov.uk,Somerset County Council,http://www.somerset.gov.uk
306,2016-10-21T16:11:20Z,sha-256:972b0c27f3b439c661ceee412d392dc59c31eca02bad0e4ffb255b41faee27be,WAV,NMD,Waveney,Waveney District Council,Waveney District Council,http://www.eastsuffolk.gov.uk,Suffolk County Council,https://www.suffolk.gov.uk
305,2016-10-21T16:11:20Z,sha-256:24ecd0d42775efcc5b68799435ade560f444efb9320240a04c050c6e3d8e8488,SUF,NMD,Suffolk Coastal,Suffolk Coastal District Council,Suffolk Coastal District Council,http://www.eastsuffolk.gov.uk,Suffolk County Council,https://www.suffolk.gov.uk
304,2016-10-21T16:11:20Z,sha-256:f5e2b2b972c3366727e9531d9e25e9004ca32242b793c11e11e31ff2ed39499d,SED,NMD,St Edmundsbury,St Edmundsbury Borough Council,St Edmundsbury Borough Council,http://www.stedmundsbury.gov.uk,Suffolk County Council,https://www.suffolk.gov.uk
303,2016-10-21T16:11:20Z,sha-256:676744695abe83a837f2cf7c24a0bf2276ee26b1a454ec357ef1a5e378890f37,MSU,NMD,Mid Suffolk,Mid Suffolk District Council,Mid Suffolk District Council,http://www.midsuffolk.gov.uk,Suffolk County Council,https://www.suffolk.gov.uk
302,2016-10-21T16:11:20Z,sha-256:7fd191500031ad9487ef291b70eea820e3c4acfc834c7041c9da7d38d97b78e5,IPS,NMD,Ipswich,Ipswich Borough Council,Ipswich Borough Council,https://www.ipswich.gov.uk,Suffolk County Council,https://www.suffolk.gov.uk
301,2016-10-21T16:11:20Z,sha-256:23a514c97b302c0361c88ccf8cf29d62c8cfd991693ad5daeca9dcdd884d3be6,FOR,NMD,Forest Heath,Forest Heath District Council,Forest Heath District Council,http://www.stedmundsbury.gov.uk,Suffolk County Council,https://www.suffolk.gov.uk
300,2016-10-21T16:11:20Z,sha-256:849a6bf177268ff0d868ca8f573cbaab289d8077b1bef8790b15ac4acd324e0b,BAB,NMD,Babergh,Babergh District Council,Babergh District Council,http://www.midsuffolk.gov.uk,Suffolk County Council,https://www.suffolk.gov.uk
298,2016-10-21T16:11:20Z,sha-256:73c46e29af5fcd9fc7d66a8589f8d6c7a0029f728f3904ed7ea6fe885ce9524f,WOX,NMD,West Oxfordshire,West Oxfordshire District Council,West Oxfordshire District Council,http://www.westoxon.gov.uk,Oxfordshire County Council,https://www.oxfordshire.gov.uk
297,2016-10-21T16:11:20Z,sha-256:3e0e72c298be479881fdaa4cedfba40dd66ca5ac3ac87cd5bfe2407d4a1e452f,VAL,NMD,Vale of White Horse,Vale of White Horse District Council,Vale of White Horse District Council,http://www.whitehorsedc.gov.uk,Oxfordshire County Council,https://www.oxfordshire.gov.uk
296,2016-10-21T16:11:20Z,sha-256:cb8d525b35d12654b989f7c856e4e99040ba0555158a9e153d976d9a7b9739e6,SOX,NMD,South Oxfordshire,South Oxfordshire District Council,South Oxfordshire District Council,http://www.southoxon.gov.uk,Oxfordshire County Council,https://www.oxfordshire.gov.uk
295,2016-10-21T16:11:20Z,sha-256:2c2cb9f3ce2d07b8a3129f7ec08d481d90da436d672ed9b9be0281a7f0d2fcc8,OXO,NMD,Oxford,Oxford City Council,Oxford City Council,https://www.oxford.gov.uk,Oxfordshire County Council,https://www.oxfordshire.gov.uk
294,2016-10-21T16:11:20Z,sha-256:bad4126a9902d89798cad54934c2a912ca60e7ed25b8411261b835723e255bc7,CHR,NMD,Cherwell,Cherwell District Council,Cherwell District Council,http://www.cherwell.gov.uk,Oxfordshire County Council,https://www.oxfordshire.gov.uk
292,2016-10-21T16:11:20Z,sha-256:547f5d8da121288ad85264a761e59ad46ccaf1ffaeefa96f12befdb3316f6eb3,SEL,NMD,Selby,Selby District Council,Selby District Council,http://www.selby.gov.uk,North Yorkshire County Council,http://www.northyorks.gov.uk
291,2016-10-21T16:11:20Z,sha-256:0902864539f037bb0de3deef1adbc194687fad8557e28a09402409947e5b75ae,SCE,NMD,Scarborough,Scarborough Borough Council,Scarborough Borough Council,https://www.scarborough.gov.uk,North Yorkshire County Council,http://www.northyorks.gov.uk
290,2016-10-21T16:11:20Z,sha-256:f57b180a5ddd88a90ca8bd39c68a1a133911b8220b1fb660e62390c79dc6915c,RYE,NMD,Ryedale,Ryedale District Council,Ryedale District Council,http://www.ryedale.gov.uk,North Yorkshire County Council,http://www.northyorks.gov.uk
289,2016-10-21T16:11:20Z,sha-256:715c3139a7861551600b6d4c343cf02e29e56f8bfa5fca90d964f658324cf5fd,RIH,NMD,Richmondshire,Richmondshire District Council,Richmondshire District Council,http://www.richmondshire.gov.uk,North Yorkshire County Council,http://www.northyorks.gov.uk
288,2016-10-21T16:11:20Z,sha-256:8231463eab0e669814e3e502b6e0c9364e8cd41bb1b4535676437ff3a1ade6f9,HAG,NMD,Harrogate,Harrogate Borough Council,Harrogate Borough Council,https://www.harrogate.gov.uk,North Yorkshire County Council,http://www.northyorks.gov.uk
287,2016-10-21T16:11:20Z,sha-256:d303790e30989e6cb17c680790a5c094af8ead116eb556c901478ded34f0388a,HAE,NMD,Hambleton,Hambleton District Council,Hambleton District Council,https://www.hambleton.gov.uk,North Yorkshire County Council,http://www.northyorks.gov.uk
286,2016-10-21T16:11:20Z,sha-256:68475562be527fd2ac9843087820352020ae072b6dca0c59226e9e7db70034eb,CRA,NMD,Craven,Craven District Council,Craven District Council,http://www.cravendc.gov.uk,North Yorkshire County Council,http://www.northyorks.gov.uk
284,2016-10-21T16:11:20Z,sha-256:246990e401cebf01cce5e737904bd47bace126f0c16b831cb03b8055c64f3ff3,RUS,NMD,Rushcliffe,Rushcliffe Borough Council,Rushcliffe Borough Council,http://www.rushcliffe.gov.uk,Nottinghamshire County Council,http://www.nottinghamshire.gov.uk
283,2016-10-21T16:11:20Z,sha-256:a2375862f98c8d0c85365ba481fb7e5e1eddc182a0225365ce137f5107d03a1b,NEA,NMD,Newark and Sherwood,Newark and Sherwood District Council,Newark and Sherwood District Council,http://www.newark-sherwooddc.gov.uk,Nottinghamshire County Council,http://www.nottinghamshire.gov.uk
282,2016-10-21T16:11:20Z,sha-256:6a48b1042ba07ee11f50bc0e372eba736b6834f6befb126e00464d9f99b44081,MAS,NMD,Mansfield,Mansfield District Council,Mansfield District Council,http://www.mansfield.gov.uk,Nottinghamshire County Council,http://www.nottinghamshire.gov.uk
281,2016-10-21T16:11:20Z,sha-256:bac372a0b7584b32fc71fb84bca069d85cdb4f2394e773275c98060921c4e86b,GED,NMD,Gedling,Gedling Borough Council,Gedling Borough Council,http://www.gedling.gov.uk,Nottinghamshire County Council,http://www.nottinghamshire.gov.uk
280,2016-10-21T16:11:20Z,sha-256:65b94878f18c2511961abeab8e640c1f316d1f23a41fda809cf2fafb4b5d4d4c,BRT,NMD,Broxtowe,Broxtowe Borough Council,Broxtowe Borough Council,https://www.broxtowe.gov.uk,Nottinghamshire County Council,http://www.nottinghamshire.gov.uk
279,2016-10-21T16:11:20Z,sha-256:6886b2cc4fd9ca176e3edc46506a4924ce438da51b556c5cc7acbe73e6a772c7,BAE,NMD,Bassetlaw,Bassetlaw District Council,Bassetlaw District Council,http://www.bassetlaw.gov.uk,Nottinghamshire County Council,http://www.nottinghamshire.gov.uk
278,2016-10-21T16:11:20Z,sha-256:c3558e0bde0f72ff0a992c9ecfd365c4481dc2449593d52a71c7a3646fc084da,ASH,NMD,Ashfield,Ashfield District Council,Ashfield District Council,http://www.ashfield.gov.uk,Nottinghamshire County Council,http://www.nottinghamshire.gov.uk
276,2016-10-21T16:11:20Z,sha-256:e855a4a8dbb9fab746cebaa34baf165821e2c2bfc455761cfa4058471dd5fba7,WEL,NMD,Wellingborough,Wellingborough Borough Council,Wellingborough Borough Council,http://www.wellingborough.gov.uk,Northamptonshire County Council,http://www3.northamptonshire.gov.uk
275,2016-10-21T16:11:20Z,sha-256:436221e1b6373ab68138ed90b5d20120917d1e62c218cbbca26d2e8512908461,SNR,NMD,South Northamptonshire,South Northamptonshire Council,South Northamptonshire Council,http://www.southnorthants.gov.uk,Northamptonshire County Council,http://www3.northamptonshire.gov.uk
274,2016-10-21T16:11:20Z,sha-256:2c750f428c1cb2584b6606f538780ea3150ad17f54c36716a9acc17cba009aee,NOR,NMD,Northampton,Northampton Borough Council,Northampton Borough Council,http://www.northampton.gov.uk,Northamptonshire County Council,http://www3.northamptonshire.gov.uk
273,2016-10-21T16:11:20Z,sha-256:d6aaea21de88a89f5863b70b111bddfb557db51d04ebeeaeda3da8b1b49bcfbc,KET,NMD,Kettering,Kettering Borough Council,Kettering Borough Council,http://www.kettering.gov.uk,Northamptonshire County Council,http://www3.northamptonshire.gov.uk
272,2016-10-21T16:11:20Z,sha-256:250d76b44e52193354156e396308dd3999272a6a380679109ffc07a1beba491a,ENO,NMD,East Northamptonshire,East Northamptonshire Council,East Northamptonshire Council,http://www.east-northamptonshire.gov.uk,Northamptonshire County Council,http://www3.northamptonshire.gov.uk
271,2016-10-21T16:11:20Z,sha-256:eca39e319f8bcbdc56fa1b4f0928bdf01ded3c46a34167c1bb74434692f352c6,DAV,NMD,Daventry,Daventry District Council,Daventry District Council,https://www.daventrydc.gov.uk,Northamptonshire County Council,http://www3.northamptonshire.gov.uk
270,2016-10-21T16:11:20Z,sha-256:b4afba78fdac740119cbc3625146e9ab9686d9c96e491b2ffeedaef13d1630fb,COR,NMD,Corby,Corby Borough Council,Corby Borough Council,https://www.corby.gov.uk,Northamptonshire County Council,http://www3.northamptonshire.gov.uk
268,2016-10-21T16:11:20Z,sha-256:bff0d470ad06df1abc4fb95fc57dcefa8dbf573fe2db507606a8261c158ce972,SNO,NMD,South Norfolk,South Norfolk District Council,South Norfolk District Council,https://www.south-norfolk.gov.uk,Norfolk County Council,https://www.norfolk.gov.uk
267,2016-10-21T16:11:20Z,sha-256:4c75058e7c85da1bd93192056278a2c9f7fd6ba485ad9e8ee7269e1682b8228b,NOW,NMD,Norwich,Norwich City Council,Norwich City Council,https://www.norwich.gov.uk,Norfolk County Council,https://www.norfolk.gov.uk
266,2016-10-21T16:11:20Z,sha-256:8ba6ac57dc1b979202ee6383d143d98efa49a0823b22ed3cfc98bd295ba84033,NNO,NMD,North Norfolk,North Norfolk District Council,North Norfolk District Council,https://www.north-norfolk.gov.uk,Norfolk County Council,https://www.norfolk.gov.uk
264,2016-10-21T16:11:20Z,sha-256:897c55b9c7cd3e0680eb8ea07b2904cbbbe7b5879c9da955958b60b847d3fb0b,GRY,NMD,Great Yarmouth,Great Yarmouth Borough Council,Great Yarmouth Borough Council,https://www.great-yarmouth.gov.uk,Norfolk County Council,https://www.norfolk.gov.uk
263,2016-10-21T16:11:20Z,sha-256:84f94b2d1ab5800d6fa441bc2e821e820e1b8527fba4ad1c30fdb45efc9c3905,BRO,NMD,Broadland,Broadland District Council,Broadland District Council,https://www.broadland.gov.uk,Norfolk County Council,https://www.norfolk.gov.uk
262,2016-10-21T16:11:20Z,sha-256:cc1123e6d473a0ad511131ec0092763e8fb752370718a0f498da8a3f168b2d71,BRE,NMD,Breckland,Breckland District Council,Breckland District Council,http://www.breckland.gov.uk,Norfolk County Council,https://www.norfolk.gov.uk
260,2016-10-21T16:11:20Z,sha-256:b8994c931eafbbbd6047c5c06fd539b4a3e226cab68f59d262c191ae1e4335e7,WLI,NMD,West Lindsey,West Lindsey District Council,West Lindsey District Council,https://www.west-lindsey.gov.uk,Lincolnshire County Council,https://www.lincolnshire.gov.uk
259,2016-10-21T16:11:20Z,sha-256:b7de78227010c86e0fc3d44d6236e480a34e5c8866e6984e3916451a3a27a1b8,SKE,NMD,South Kesteven,South Kesteven District Council,South Kesteven District Council,http://www.southkesteven.gov.uk,Lincolnshire County Council,https://www.lincolnshire.gov.uk
258,2016-10-21T16:11:20Z,sha-256:6e4f862a2c30758814a2a04b7f1763ed832115cdb813ab740308373157adb941,SHO,NMD,South Holland,South Holland District Council,South Holland District Council,http://www.sholland.gov.uk,Lincolnshire County Council,https://www.lincolnshire.gov.uk
257,2016-10-21T16:11:20Z,sha-256:2daf8794d8fa76c1cc89222c10de74a7e744a90deda9d83f420c559c229a261a,NKE,NMD,North Kesteven,North Kesteven District Council,North Kesteven District Council,https://www.n-kesteven.gov.uk,Lincolnshire County Council,https://www.lincolnshire.gov.uk
256,2016-10-21T16:11:20Z,sha-256:a8616a15df4b7c89f800deb54bc0cfbc77a7630d02dca009eafa4170d78d2606,LIC,NMD,City of Lincoln,City of Lincoln Council,City of Lincoln Council,https://www.lincoln.gov.uk,NA,NA
255,2016-10-21T16:11:20Z,sha-256:fdd784d6acbfe507757625250fcc68d96041f10a62c0e54dc4d95fcddc505983,ELI,NMD,East Lindsey,East Lindsey District Council,East Lindsey District Council,http://www.e-lindsey.gov.uk,Lincolnshire County Council,https://www.lincolnshire.gov.uk
254,2016-10-21T16:11:20Z,sha-256:78289af4c8e5b621424198078612bf2f86b2970ab166bae7820d2709b767b0ca,BOT,NMD,Boston,Boston Borough Council,Boston Borough Council,http://www.boston.gov.uk,Lincolnshire County Council,https://www.lincolnshire.gov.uk
252,2016-10-21T16:11:20Z,sha-256:d8038afa9e4d404ab899c7124b4cdea32d722021dddacef7b146b22f3e18b1ea,OAD,NMD,Oadby and Wigston,Oadby and Wigston Borough Council,Oadby and Wigston Borough Council,http://www.oadby-wigston.gov.uk,Leicestershire County Council,https://www.leicestershire.gov.uk
251,2016-10-21T16:11:20Z,sha-256:b1a625551e841bf87c4b1460df86abfb458c415adcd83cf3aa344e2718316914,NWL,NMD,North West Leicestershire,North West Leicestershire District Council,North West Leicestershire District Council,http://www.nwleics.gov.uk,Leicestershire County Council,https://www.leicestershire.gov.uk
250,2016-10-21T16:11:20Z,sha-256:0db30de468337daef14fc046f559eec978b8477de6569fa382e816bc3f756aeb,MEL,NMD,Melton,Melton Borough Council,Melton Borough Council,http://www.melton.gov.uk,Leicestershire County Council,https://www.leicestershire.gov.uk
249,2016-10-21T16:11:20Z,sha-256:542265da35afcf9d8effb48d075dd9a47708c5018dfeaac0303290b2594c2339,HIN,NMD,Hinckley and Bosworth,Hinckley and Bosworth Borough Council,Hinckley and Bosworth Borough Council,http://www.hinckley-bosworth.gov.uk,Leicestershire County Council,https://www.leicestershire.gov.uk
248,2016-10-21T16:11:20Z,sha-256:84a78c6e951f5bb065bd8fff54a782d9c48f8b7a66af8fdd40bc67e739cf3c41,HAO,NMD,Harborough,Harborough District Council,Harborough District Council,http://www.harborough.gov.uk,Leicestershire County Council,https://www.leicestershire.gov.uk
247,2016-10-21T16:11:20Z,sha-256:b71a733bc4f528a907731080cb130e2e5f61f2446e535aee7bc77b1536e58997,CHA,NMD,Charnwood,Charnwood Borough Council,Charnwood Borough Council,http://www.charnwood.gov.uk,Leicestershire County Council,https://www.leicestershire.gov.uk
246,2016-10-21T16:11:20Z,sha-256:08825cd49a106487efa298a7089e783cbac6848063fc2a936edbe504fc20c109,BLA,NMD,Blaby,Blaby District Council,Blaby District Council,http://www.blaby.gov.uk,Leicestershire County Council,https://www.leicestershire.gov.uk
244,2016-10-21T16:11:20Z,sha-256:89e2d489e9a745912aaf94b67c27a5a920ab3feabc40a22056c88821baaa54f5,WYR,NMD,Wyre,Wyre Borough Council,Wyre Borough Council,http://www.wyre.gov.uk,Lancashire County Council,http://www.lancashire.gov.uk
243,2016-10-21T16:11:20Z,sha-256:7560d0e8856d1ba7f778a26e1c95b7fe8770ce8a32f4d00ced7fe7f8174b029c,WLA,NMD,West Lancashire,West Lancashire Borough Council,West Lancashire Borough Council,http://www.westlancs.gov.uk,Lancashire County Council,http://www.lancashire.gov.uk
242,2016-10-21T16:11:20Z,sha-256:c732821cb4da7ddbd2d3c26e609ffa8dba280ab985712d38ea6710c47881598c,SRI,NMD,South Ribble,South Ribble Borough Council,South Ribble Borough Council,https://www.southribble.gov.uk,Lancashire County Council,http://www.lancashire.gov.uk
241,2016-10-21T16:11:20Z,sha-256:84c9094ae8130651bbfbe0d749340d3b1a227efae89bb55cece3ac124009b26f,ROS,NMD,Rossendale,Rossendale Borough Council,Rossendale Borough Council,http://www.rossendale.gov.uk,Lancashire County Council,http://www.lancashire.gov.uk
240,2016-10-21T16:11:20Z,sha-256:541a31aa8125b88fde314d818c8bc23889ba5a8bf98c45ed88ce69ecaab6e964,RIB,NMD,Ribble Valley,Ribble Valley Borough Council,Ribble Valley Borough Council,https://www.ribblevalley.gov.uk,Lancashire County Council,http://www.lancashire.gov.uk
239,2016-10-21T16:11:20Z,sha-256:13553b6d2d841c9c61ddeba92923a76313cf9bc526d0969e7eccda82ed10032e,PRE,NMD,Preston,Preston City Council,Preston City Council,http://www.preston.gov.uk,Lancashire County Council,http://www.lancashire.gov.uk
238,2016-10-21T16:11:20Z,sha-256:800ecf02af65c7a0836922ceb1996fa7191a856c0333a5c789123cbb0f55c41c,PEN,NMD,Pendle,Pendle Borough Council,Pendle Borough Council,http://www.pendle.gov.uk,Lancashire County Council,http://www.lancashire.gov.uk
237,2016-10-21T16:11:20Z,sha-256:9f55c1f4fa21dfcc4c29f256160f9bf10a41e59e6e6f9d790d9072f273a5f143,LAC,NMD,Lancaster,Lancaster City Council,Lancaster City Council,https://www.lancaster.gov.uk,Lancashire County Council,http://www.lancashire.gov.uk
236,2016-10-21T16:11:20Z,sha-256:55b5d7b2e44ff2708dbe3fae939ca95e3d735ed261c29ea1a18991bd3464a848,HYN,NMD,Hyndburn,Hyndburn Borough Council,Hyndburn Borough Council,http://www.hyndburnbc.gov.uk,Lancashire County Council,http://www.lancashire.gov.uk
235,2016-10-21T16:11:20Z,sha-256:3f4b89dc49ad28e4d7c8bdd1fee9a7c0c22846af2980a0e385e92abb8fb9ad6e,FYL,NMD,Fylde,Fylde Borough Council,Fylde Borough Council,http://www.fylde.gov.uk,Lancashire County Council,http://www.lancashire.gov.uk
234,2016-10-21T16:11:20Z,sha-256:f5965a8254ecff51725a4c488cbb2d35ab53b9b0e027f0120b16511f2f0c0e4e,CHO,NMD,Chorley,Chorley Borough Council,Chorley Borough Council,http://chorley.gov.uk,Lancashire County Council,http://www.lancashire.gov.uk
233,2016-10-21T16:11:20Z,sha-256:3ac6c87412c1720916e8ee510fa59e9024e39fb9ca53fcc05dc6c58aae8da576,BUN,NMD,Burnley,Burnley Borough Council,Burnley Borough Council,http://www.burnley.gov.uk,Lancashire County Council,http://www.lancashire.gov.uk
231,2016-10-21T16:11:20Z,sha-256:387b33d844e4ddda5690460098b43a01816e49de41beb322777c9f6f0f798d3c,TUN,NMD,Tunbridge Wells,Tunbridge Wells Borough Council,Tunbridge Wells Borough Council,http://www.tunbridgewells.gov.uk,Kent County Council,http://www.kent.gov.uk
230,2016-10-21T16:11:20Z,sha-256:e1bf9ced2a1fbdec0d798fefbdecadf67d7388ca879fa48e894a4af9683a98f2,TON,NMD,Tonbridge and Malling,Tonbridge and Malling Borough Council,Tonbridge and Malling Borough Council,https://www.tmbc.gov.uk,Kent County Council,http://www.kent.gov.uk
229,2016-10-21T16:11:20Z,sha-256:ef7bbbcf74ca277016481f2026331661641fce0213327d308ebc4b468882209c,THA,NMD,Thanet,Thanet District Council,Thanet District Council,https://www.thanet.gov.uk,Kent County Council,http://www.kent.gov.uk
228,2016-10-21T16:11:20Z,sha-256:67433e9df81b9ae3d5a189b1413e06daf352ff4f624085f16a56cd6dd0ff5d53,SWL,NMD,Swale,Swale Borough Council,Swale Borough Council,http://www.swale.gov.uk,Kent County Council,http://www.kent.gov.uk
227,2016-10-21T16:11:20Z,sha-256:c5f449eeb4abbc985f808a219435514c2e8cd8855a0d9c722e0987292deba7c6,SHE,NMD,Shepway,Shepway District Council,Shepway District Council,https://www.shepway.gov.uk,Kent County Council,http://www.kent.gov.uk
226,2016-10-21T16:11:20Z,sha-256:8fa3de90a6493c0c1b7605a46b80c09eb4962ec28934adcda996e65358daf946,SEV,NMD,Sevenoaks,Sevenoaks District Council,Sevenoaks District Council,http://www.sevenoaks.gov.uk,Kent County Council,http://www.kent.gov.uk
225,2016-10-21T16:11:20Z,sha-256:7be97e6b15f718735d8492a206970edfd81888295698bf2df232e86b75afd5db,MAI,NMD,Maidstone,Maidstone Borough Council,Maidstone Borough Council,http://www.maidstone.gov.uk,Kent County Council,http://www.kent.gov.uk
224,2016-10-21T16:11:20Z,sha-256:0e4f0077aa88a8220c1e713175da233ec587a54ea4b1d750aa3854a47fa2fd23,GRA,NMD,Gravesham,Gravesham Borough Council,Gravesham Borough Council,http://www.gravesham.gov.uk,Kent County Council,http://www.kent.gov.uk
223,2016-10-21T16:11:20Z,sha-256:03efff524694a50544fbcc9bbc1c0d3d15f744748ea1a71f1cb08a4eed7a6652,DOV,NMD,Dover,Dover District Council,Dover District Council,https://www.dover.gov.uk,Kent County Council,http://www.kent.gov.uk
222,2016-10-21T16:11:20Z,sha-256:4731ebae54c14e11fb6c179b5597ff0541da6c7a6e2cb9e85283682d3be4c484,DAR,NMD,Dartford,Dartford Borough Council,Dartford Borough Council,http://www.dartford.gov.uk,Kent County Council,http://www.kent.gov.uk
221,2016-10-21T16:11:20Z,sha-256:313c5c881cf33f2c108aac33af0bb6e62e3ec485099bc8e1e53e2e19caa7e1f8,CAT,NMD,Canterbury,Canterbury City Council,Canterbury City Council,https://www.canterbury.gov.uk,Kent County Council,http://www.kent.gov.uk
220,2016-10-21T16:11:20Z,sha-256:4cef57e0907533b0662344554a01e68fefe767cd154a44a0ada275872e3130a0,ASF,NMD,Ashford,Ashford Borough Council,Ashford Borough Council,http://www.ashford.gov.uk,Kent County Council,http://www.kent.gov.uk
218,2016-10-21T16:11:20Z,sha-256:0ce8b51a3e41301ec50c2aa03e3cfd683fcf05af0dec33c0810196e3933aefbe,WEW,NMD,Welwyn Hatfield,Welwyn Hatfield Borough Council,Welwyn Hatfield Borough Council,http://www.welhat.gov.uk,Hertfordshire County Council,https://www.hertfordshire.gov.uk
217,2016-10-21T16:11:20Z,sha-256:c6a65149d303bc14cbf9dd9dd2333921b189f4ba3fe873e403ea6e306dc333a1,WAT,NMD,Watford,Watford Borough Council,Watford Borough Council,https://www.watford.gov.uk,Hertfordshire County Council,https://www.hertfordshire.gov.uk
216,2016-10-21T16:11:20Z,sha-256:ebe636d9ff29a30aa8cec64efbe95c8c713de476003344ad760fba8a776903da,THE,NMD,Three Rivers,Three Rivers District Council,Three Rivers District Council,http://www.threerivers.gov.uk,Hertfordshire County Council,https://www.hertfordshire.gov.uk
215,2016-10-21T16:11:20Z,sha-256:047bce630811829e59b8ccf75110a2917f9d7db7f400a3878f6cf3a5f95d5c74,STV,NMD,Stevenage,Stevenage Borough Council,Stevenage Borough Council,http://www.stevenage.gov.uk,Hertfordshire County Council,https://www.hertfordshire.gov.uk
214,2016-10-21T16:11:20Z,sha-256:8c0c098bb355cfad964daa243b7726ffd51210d3408a6b678aa4b426ed92e3c0,SAL,NMD,St Albans,St Albans City and District Council,St Albans City and District Council,http://www.stalbans.gov.uk,Hertfordshire County Council,https://www.hertfordshire.gov.uk
213,2016-10-21T16:11:20Z,sha-256:4cb2fb777e1b13fe865853fcafd4b42056c8861dc7642dcd63a5edd60b34dcbc,NHE,NMD,North Hertfordshire,North Hertfordshire District Council,North Hertfordshire District Council,https://www.north-herts.gov.uk,Hertfordshire County Council,https://www.hertfordshire.gov.uk
212,2016-10-21T16:11:20Z,sha-256:66d7da2b19269ce9db8623990a9338ef432dfec8064d2276f549fc4f164b2d59,HER,NMD,Hertsmere,Hertsmere Borough Council,Hertsmere Borough Council,https://www.hertsmere.gov.uk,Hertfordshire County Council,https://www.hertfordshire.gov.uk
211,2016-10-21T16:11:20Z,sha-256:1b2b84cbc1549e5d2e7d343c41cf9b6c9953caeea3ae4328606d34e53c516c50,EHE,NMD,East Hertfordshire,East Hertfordshire District Council,East Hertfordshire District Council,http://www.eastherts.gov.uk,Hertfordshire County Council,https://www.hertfordshire.gov.uk
210,2016-10-21T16:11:20Z,sha-256:dad59a9ac65ff05b916dfaa2dfcb3df13efca512ed922e5a7c22cab10eab18ef,DAC,NMD,Dacorum,Dacorum Borough Council,Dacorum Borough Council,https://www.dacorum.gov.uk,Hertfordshire County Council,https://www.hertfordshire.gov.uk
209,2016-10-21T16:11:20Z,sha-256:c28490cfe7215651edbebef3d70ec44395b15d845bcae8b9daeacdd4de371d16,BRX,NMD,Broxbourne,Broxbourne Borough Council,Broxbourne Borough Council,https://www.broxbourne.gov.uk,Hertfordshire County Council,https://www.hertfordshire.gov.uk
207,2016-10-21T16:11:20Z,sha-256:a79f287f675d94714a7192ae2cae3ca4e6b6cf173fa805ab90fd1c27366f5b6a,WIN,NMD,Winchester,Winchester City Council,Winchester City Council,http://www.winchester.gov.uk,Hampshire County Council,https://www.hants.gov.uk
206,2016-10-21T16:11:20Z,sha-256:3b9ab03ad554f5299cab480636c832f416a66cb0647454ac1903cd96caca194e,TES,NMD,Test Valley,Test Valley Borough Council,Test Valley Borough Council,https://www.testvalley.gov.uk,Hampshire County Council,https://www.hants.gov.uk
205,2016-10-21T16:11:20Z,sha-256:d98e02e3085459e700cf7d7a48b0ba2d663d326e553150eaeb10697358be56f6,RUH,NMD,Rushmoor,Rushmoor Borough Council,Rushmoor Borough Council,http://www.rushmoor.gov.uk,Hampshire County Council,https://www.hants.gov.uk
204,2016-10-21T16:11:20Z,sha-256:53187fa5562b658b68da23fcd64bd595688ead21da3ba443531ed21164be775e,NEW,NMD,New Forest,New Forest District Council,New Forest District Council,http://www.newforest.gov.uk,Hampshire County Council,https://www.hants.gov.uk
203,2016-10-21T16:11:20Z,sha-256:dd69766584c29f28a08452812fca35280efff4bd1d502c3d1a30c6ffd7a6e129,HAA,NMD,Havant,Havant Borough Council,Havant Borough Council,https://www.havant.gov.uk,Hampshire County Council,https://www.hants.gov.uk
202,2016-10-21T16:11:20Z,sha-256:bf00f2c2ec4a6f6eed985ee84c300af7fcfb957f28e46a0d2f11598e906b8371,HAT,NMD,Hart,Hart District Council,Hart District Council,https://www.hart.gov.uk,Hampshire County Council,https://www.hants.gov.uk
201,2016-10-21T16:11:20Z,sha-256:bf435a403ccdb6b1fb364acce77572ea53a45f89748dccbe55fba6d7aa1fd7e0,GOS,NMD,Gosport,Gosport Borough Council,Gosport Borough Council,https://www.gosport.gov.uk,Hampshire County Council,https://www.hants.gov.uk
200,2016-10-21T16:11:20Z,sha-256:8ec94ced50eec60ecf59abb5566036e8425d74627a78bad4d434c9b8272b8100,FAR,NMD,Fareham,Fareham Borough Council,Fareham Borough Council,http://www.fareham.gov.uk,Hampshire County Council,https://www.hants.gov.uk
199,2016-10-21T16:11:20Z,sha-256:d136afdd1f070e9f1afb73422881a615d0913cf535c5610522afafdc49d27755,EAT,NMD,Eastleigh,Eastleigh Borough Council,Eastleigh Borough Council,https://www.eastleigh.gov.uk,Hampshire County Council,https://www.hants.gov.uk
198,2016-10-21T16:11:20Z,sha-256:8ba6ae8fc7ea0ca10cfc30b0688ff2d3fc65934cc7176ee77f9984746afb65bf,EHA,NMD,East Hampshire,East Hampshire District Council,East Hampshire District Council,http://www.easthants.gov.uk,Hampshire County Council,https://www.hants.gov.uk
197,2016-10-21T16:11:20Z,sha-256:f92ed1bfb5e2ca211258c076a19e283815ab29173481696c17a69731fedc38b6,BAN,NMD,Basingstoke and Deane,Basingstoke and Deane Borough Council,Basingstoke and Deane Borough Council,http://www.basingstoke.gov.uk,Hampshire County Council,https://www.hants.gov.uk
195,2016-10-21T16:11:20Z,sha-256:a743a009dc2acc069dd4baf7a3c33b9f783c220e5dabf96ee337d13babc71a2e,TEW,NMD,Tewkesbury,Tewkesbury Borough Council,Tewkesbury Borough Council,https://www.tewkesbury.gov.uk,Gloucestershire County Council,http://www.gloucestershire.gov.uk
194,2016-10-21T16:11:20Z,sha-256:5335da9411f9caa81cd0a9d95716db83bb31e6e6f89f7b73da4370e9a4def768,STO,NMD,Stroud,Stroud District Council,Stroud District Council,https://www.stroud.gov.uk,Gloucestershire County Council,http://www.gloucestershire.gov.uk
193,2016-10-21T16:11:20Z,sha-256:62fd3bcdd173f5d90669845e8aeb89aa55a4ef49f1dd4409851925ca47cc1525,GLO,NMD,Gloucester,Gloucester City Council,Gloucester City Council,http://www.gloucester.gov.uk,Gloucestershire County Council,http://www.gloucestershire.gov.uk
192,2016-10-21T16:11:20Z,sha-256:1c0b6f76794823441e14b3201c3aebda1c0ce0fbe5ca379601e68506f483b8a3,FOE,NMD,Forest of Dean,Forest of Dean District Council,Forest of Dean District Council,NA,Gloucestershire County Council,http://www.gloucestershire.gov.uk
191,2016-10-21T16:11:20Z,sha-256:97dfd7eb1e81ea3db7d44d1b337c8360f85082ed705d7b22aed9df54ed9b5fe6,COT,NMD,Cotswold,Cotswold District Council,Cotswold District Council,http://www.cotswold.gov.uk,Gloucestershire County Council,http://www.gloucestershire.gov.uk
190,2016-10-21T16:11:20Z,sha-256:7cf47c2d319f69df410b3fdbd8a2d6f8bca4565be8b669f27c502a345127892b,CHT,NMD,Cheltenham,Cheltenham Borough Council,Cheltenham Borough Council,https://www.cheltenham.gov.uk,Gloucestershire County Council,http://www.gloucestershire.gov.uk
188,2016-10-21T16:11:20Z,sha-256:5588088b1fdbf4f1d39113e1e719426289ad6fbd3d99ab934bb4210936e48f13,WSM,LBO,Westminster,City of Westminster,City of Westminster,https://www.westminster.gov.uk,City of Westminster,https://www.westminster.gov.uk
187,2016-10-21T16:11:20Z,sha-256:865771901e203a53acbc9c375bc48f1677214399be2c8758796e73c7f6d7b72c,WND,LBO,Wandsworth,London Borough of Wandsworth,London Borough of Wandsworth,http://www.wandsworth.gov.uk,London Borough of Wandsworth,http://www.wandsworth.gov.uk
186,2016-10-21T16:11:20Z,sha-256:7c0adac917610916b7dcf6e08ae49d57a379367e32ebfd067e05de8eae38b5b9,WFT,LBO,Waltham Forest,London Borough of Waltham Forest,London Borough of Waltham Forest,https://www.walthamforest.gov.uk,London Borough of Waltham Forest,https://www.walthamforest.gov.uk
185,2016-10-21T16:11:20Z,sha-256:44797637d5ac367f14c0e9909ed0b460b670668e02ef2f874cb1b3549f7bbca2,TWH,LBO,Tower Hamlets,London Borough of Tower Hamlets,London Borough of Tower Hamlets,http://www.towerhamlets.gov.uk,London Borough of Tower Hamlets,http://www.towerhamlets.gov.uk
184,2016-10-21T16:11:20Z,sha-256:111f813b21cdfb6a9684c0f9695a392a00d884dbf1df294c2d872df7da7a0306,SWK,LBO,Southwark,London Borough of Southwark,London Borough of Southwark,http://www.southwark.gov.uk,London Borough of Southwark,http://www.southwark.gov.uk
183,2016-10-21T16:11:20Z,sha-256:6f6dae49162916a13613efe377a895e9a5d11bf4d149c72ee160eab38fe22ea4,STN,LBO,Sutton,London Borough of Sutton,London Borough of Sutton,https://www.sutton.gov.uk,London Borough of Sutton,https://www.sutton.gov.uk
182,2016-10-21T16:11:20Z,sha-256:9aa12feca801aabcfae7f571294441f1393e328caecbcbe1d3554f40f49b554e,RIC,LBO,Richmond upon Thames,London Borough of Richmond upon Thames,London Borough of Richmond upon Thames,http://www.richmond.gov.uk,London Borough of Richmond upon Thames,http://www.richmond.gov.uk
181,2016-10-21T16:11:20Z,sha-256:ca2167bd9c571b1468162e29cb01b04e94beeeaf27f0254d19c6beff04a71262,RDB,LBO,Redbridge,London Borough of Redbridge,London Borough of Redbridge,https://www.redbridge.gov.uk,London Borough of Redbridge,https://www.redbridge.gov.uk
180,2016-10-21T16:11:20Z,sha-256:509651ed81dddeb63bd0a7bf05940a87961d7f5e382e5d4ee5932502332450b3,NWM,LBO,Newham,London Borough of Newham,London Borough of Newham,https://www.newham.gov.uk,London Borough of Newham,https://www.newham.gov.uk
179,2016-10-21T16:11:20Z,sha-256:9cc7ce4b750b2c683e120e02cfe57128559d9ea0cc6e0081753532e687c193f2,MRT,LBO,Merton,London Borough of Merton,London Borough of Merton,http://www.merton.gov.uk,London Borough of Merton,http://www.merton.gov.uk
178,2016-10-21T16:11:20Z,sha-256:f4e22515c634f40bdd666fdb9f9c2a1b48c4ef4978e5fbb865d49cba4d41caf3,LEW,LBO,Lewisham,London Borough of Lewisham,London Borough of Lewisham,http://www.lewisham.gov.uk,London Borough of Lewisham,http://www.lewisham.gov.uk
177,2016-10-21T16:11:20Z,sha-256:085f5b6a229da9120eedfbb36b2bfd7f9d1320bccff2de7547d335f308c4c9b1,LBH,LBO,Lambeth,London Borough of Lambeth,London Borough of Lambeth,https://www.lambeth.gov.uk,London Borough of Lambeth,https://www.lambeth.gov.uk
176,2016-10-21T16:11:20Z,sha-256:dd0bc65546114781589031ac4b76b799654303cf49e74272fbaff4e0d75a1fec,KTT,LBO,Kingston upon Thames,Royal Borough of Kingston upon Thames,Royal Borough of Kingston upon Thames,https://www.kingston.gov.uk,Royal Borough of Kingston upon Thames,https://www.kingston.gov.uk
175,2016-10-21T16:11:20Z,sha-256:9f48597d6fc6d0e8c4cf13e038b5fcd04366836bacdf85ba0c164e61eaa7cfbb,KEC,LBO,Kensington and Chelsea,Royal Borough of Kensington and Chelsea,Royal Borough of Kensington and Chelsea,https://www.rbkc.gov.uk,Royal Borough of Kensington and Chelsea,https://www.rbkc.gov.uk
174,2016-10-21T16:11:20Z,sha-256:93de5c696c09756b886b8d7ab9d0e6aad75519e1a241222b217b23d5fa3c7258,ISL,LBO,Islington,London Borough of Islington,London Borough of Islington,https://www.islington.gov.uk,London Borough of Islington,https://www.islington.gov.uk
173,2016-10-21T16:11:20Z,sha-256:961337b878e424bc50093de7be5a4ff523bb06ce7f172b77bfeaf3bc12cd0ce5,HRY,LBO,Haringey,London Borough of Haringey,London Borough of Haringey,http://www.haringey.gov.uk,London Borough of Haringey,http://www.haringey.gov.uk
172,2016-10-21T16:11:20Z,sha-256:b5b5377e75cf74318e90acb3a3240d5f47293fa471b728200de466a94674814a,HRW,LBO,Harrow,London Borough of Harrow,London Borough of Harrow,http://www.harrow.gov.uk,London Borough of Harrow,http://www.harrow.gov.uk
171,2016-10-21T16:11:20Z,sha-256:7de2db13db53b5f27d554a3b6acd97b71bf77cc6b026accab46ebb20a80282bc,HNS,LBO,Hounslow,London Borough of Hounslow,London Borough of Hounslow,https://www.hounslow.gov.uk,London Borough of Hounslow,https://www.hounslow.gov.uk
170,2016-10-21T16:11:20Z,sha-256:cdec164712c24465aa3b57d8f9b7a3c6fbf8a1d4acbf036be4d600eae3bf092a,HMF,LBO,Hammersmith and Fulham,London Borough of Hammersmith & Fulham,London Borough of Hammersmith & Fulham,https://www.lbhf.gov.uk,London Borough of Hammersmith & Fulham,https://www.lbhf.gov.uk
169,2016-10-21T16:11:20Z,sha-256:b23ca00a4324155ef29a0bc78f6b8b0b20a0dcac495889ab8e9fa41bb2cd6642,HIL,LBO,Hillingdon,London Borough of Hillingdon,London Borough of Hillingdon,https://www.hillingdon.gov.uk,London Borough of Hillingdon,https://www.hillingdon.gov.uk
168,2016-10-21T16:11:20Z,sha-256:46a5788b5297ff0237b6aa0ba1ab74b6c819c4e39f74013ef2ea8536c4905c89,HCK,LBO,Hackney,London Borough of Hackney,London Borough of Hackney,http://www.hackney.gov.uk,London Borough of Hackney,http://www.hackney.gov.uk
167,2016-10-21T16:11:20Z,sha-256:7c41debdfcbe5ec8056304810cdc39cfe7954a792b580051c897aa3331c4a35e,HAV,LBO,Havering,London Borough of Havering,London Borough of Havering,https://www.havering.gov.uk,London Borough of Havering,https://www.havering.gov.uk
166,2016-10-21T16:11:20Z,sha-256:8caf9ad39352d130816def6ed030042426ed1854ca0df22e514be052e71295ab,GRE,LBO,Greenwich,Royal Borough of Greenwich,Royal Borough of Greenwich,http://www.royalgreenwich.gov.uk,Royal Borough of Greenwich,http://www.royalgreenwich.gov.uk
165,2016-10-21T16:11:20Z,sha-256:bfc0567b1e037ea9f7ce1de715045617355862244da6779c816833ce4c45b6ea,ENF,LBO,Enfield,London Borough of Enfield,London Borough of Enfield,https://www.enfield.gov.uk,London Borough of Enfield,https://www.enfield.gov.uk
164,2016-10-21T16:11:20Z,sha-256:30e6bd04cdf71ad66415f3af15d654da285273171ea7e833fe1cc6b144805454,EAL,LBO,Ealing,London Borough of Ealing,London Borough of Ealing,https://www.ealing.gov.uk,London Borough of Ealing,https://www.ealing.gov.uk
163,2016-10-21T16:11:20Z,sha-256:6fa82bfcc8741dad91f3f0803f69f8d200d2d77a708fcaba94b8191523482e72,CRY,LBO,Croydon,London Borough of Croydon,London Borough of Croydon,https://www.croydon.gov.uk,London Borough of Croydon,https://www.croydon.gov.uk
162,2016-10-21T16:11:20Z,sha-256:dbb4b19ac0a172d83043341475d1cc394764fe512533d36bc1d5041ce8221320,CMD,LBO,Camden,London Borough of Camden,London Borough of Camden,https://www.camden.gov.uk,London Borough of Camden,https://www.camden.gov.uk
161,2016-10-21T16:11:20Z,sha-256:568df72388690bf202ba28b1e46b53217435e58c83e8952ec4d8fabc7a0cea41,BRY,LBO,Bromley,London Borough of Bromley,London Borough of Bromley,http://www.bromley.gov.uk,London Borough of Bromley,http://www.bromley.gov.uk
160,2016-10-21T16:11:20Z,sha-256:7a88886ea0e18977e66babad292a691b999f5d354fbc7875699debc21f8f8ce2,BNE,LBO,Barnet,London Borough of Barnet,London Borough of Barnet,https://www.barnet.gov.uk,London Borough of Barnet,https://www.barnet.gov.uk
159,2016-10-21T16:11:20Z,sha-256:221538ee1f7386e521c0f8ea284c1f8bc45e7dbd68a5eb4f0575faf2177adf6f,BEX,LBO,Bexley,London Borough of Bexley,London Borough of Bexley,http://www.bexley.gov.uk,London Borough of Bexley,http://www.bexley.gov.uk
158,2016-10-21T16:11:20Z,sha-256:734bf39fdf1cb2edb11a501a5baf1148515355fa4db771f7b045991e36a2c8e2,BEN,LBO,Brent,London Borough of Brent,London Borough of Brent,https://www.brent.gov.uk,London Borough of Brent,https://www.brent.gov.uk
157,2016-10-21T16:11:20Z,sha-256:4bdf5ef0f1f7e5650dac60090b5eac8a3bd826fa6cbd8bd12a9c01c61e8573e1,BDG,LBO,Barking and Dagenham,London Borough of Barking and Dagenham,London Borough of Barking and Dagenham,https://www.lbbd.gov.uk,London Borough of Barking and Dagenham,https://www.lbbd.gov.uk
156,2016-10-21T16:11:20Z,sha-256:07063b6a6a8dc85fd303f42e5f3b67add92c091ef7b91deeb351ed612223a6d2,WEA,NMD,Wealden,Wealden District Council,Wealden District Council,http://www.wealden.gov.uk,East Sussex County Council,https://www.eastsussex.gov.uk
155,2016-10-21T16:11:20Z,sha-256:5b4d7ec116e12b0bb5fb05f5922b6cfcf77e1dbd0583d096164c75e418966cfb,ROH,NMD,Rother,Rother District Council,Rother District Council,http://www.rother.gov.uk,East Sussex County Council,https://www.eastsussex.gov.uk
154,2016-10-21T16:11:20Z,sha-256:421dcd9986dfd8b3dfd8ec6d00cba78883b5c502745defd5632ee25176f494ab,LEE,NMD,Lewes,Lewes District Council,Lewes District Council,http://www.lewes.gov.uk,East Sussex County Council,https://www.eastsussex.gov.uk
153,2016-10-21T16:11:20Z,sha-256:809e7c485c28fa9fccd9db30e0bde5e18baad4a4e12314a8b45a90c39809507d,HAS,NMD,Hastings,Hastings Borough Council,Hastings Borough Council,http://www.hastings.gov.uk,East Sussex County Council,https://www.eastsussex.gov.uk
152,2016-10-21T16:11:20Z,sha-256:21d72f1f6aba388a1bb44fccd5d5b636b8eba7ab6c8ea36f8ce220bb47caad6e,EAS,NMD,Eastbourne,Eastbourne Borough Council,Eastbourne Borough Council,http://www.eastbourne.gov.uk,East Sussex County Council,https://www.eastsussex.gov.uk
150,2016-10-21T16:11:20Z,sha-256:c927744991dda73e98bcabdd113936dedb3f1be410c1607362fe39d0ebebf606,UTT,NMD,Uttlesford,Uttlesford District Council,Uttlesford District Council,http://www.uttlesford.gov.uk,Essex County Council,http://www.essex.gov.uk
149,2016-10-21T16:11:20Z,sha-256:99a014a98612b72013a37921e7538e9330821647bbed2cd5f2249a175ee73e34,TEN,NMD,Tendring,Tendring District Council,Tendring District Council,http://www.tendringdc.gov.uk,Essex County Council,http://www.essex.gov.uk
148,2016-10-21T16:11:20Z,sha-256:71432ebefa970ffc8da4ce75da077e4d143c32e559f9d24ca5a5a2ff6e14d779,ROC,NMD,Rochford,Rochford District Council,Rochford District Council,https://www.rochford.gov.uk,Essex County Council,http://www.essex.gov.uk
147,2016-10-21T16:11:20Z,sha-256:bdb7e91b5f489741bb2098d7ee009dbadef857d7fff18a2a05e3da1aa2218615,MAL,NMD,Maldon,Maldon District Council,Maldon District Council,https://www.maldon.gov.uk,Essex County Council,http://www.essex.gov.uk
146,2016-10-21T16:11:20Z,sha-256:c02d9c5e1b2dd6f6c05567d02729f98d27bef767844901a1035c9e5e30e7bfd5,HAR,NMD,Harlow,Harlow District Council,Harlow District Council,http://www.harlow.gov.uk,Essex County Council,http://www.essex.gov.uk
145,2016-10-21T16:11:20Z,sha-256:7b79aec6f4c281895195d4d28f724b455f4d51b67800e6754cb070daa70ffc9d,EPP,NMD,Epping Forest,Epping Forest District Council,Epping Forest District Council,http://www.eppingforestdc.gov.uk,Essex County Council,http://www.essex.gov.uk
144,2016-10-21T16:11:20Z,sha-256:6efecc0efc3867ff2ab4edb3db370d05a4938ed4d107385f6d62afaccb6e2477,COL,NMD,Colchester,Colchester Borough Council,Colchester Borough Council,http://www.colchester.gov.uk,Essex County Council,http://www.essex.gov.uk
143,2016-10-21T16:11:20Z,sha-256:31cc91af41a45b5ea261b604340ecd6e487492cb77b56f5a289f3da2e841f620,CHL,NMD,Chelmsford,Chelmsford City Council,Chelmsford City Council,https://www.chelmsford.gov.uk,Essex County Council,http://www.essex.gov.uk
142,2016-10-21T16:11:20Z,sha-256:05a6279e02cecfe833dbe9776d3e71dbea6c7ec24d5a3432ae39f7fbed781d21,CAS,NMD,Castle Point,Castle Point Borough Council,Castle Point Borough Council,https://www.castlepoint.gov.uk,Essex County Council,http://www.essex.gov.uk
141,2016-10-21T16:11:20Z,sha-256:651d812714df26b32020a903f00fc464f12b53fa444ea02139fdf6b09503d7f4,BRW,NMD,Brentwood,Brentwood Borough Council,Brentwood Borough Council,http://www.brentwood.gov.uk,Essex County Council,http://www.essex.gov.uk
140,2016-10-21T16:11:20Z,sha-256:908449cb4fd7efe764d61d275eef4b5175b95960ad6810911a5cf1473edf1094,BRA,NMD,Braintree,Braintree District Council,Braintree District Council,https://www.braintree.gov.uk,Essex County Council,http://www.essex.gov.uk
139,2016-10-21T16:11:20Z,sha-256:10fa94b30a8da56ab8301e9e256d9190629e7427e9fa2e6286704eeddffa0836,BAI,NMD,Basildon,Basildon Borough Council,Basildon Borough Council,http://www.basildon.gov.uk,Essex County Council,http://www.essex.gov.uk
137,2016-10-21T16:11:20Z,sha-256:d7b3678655b42a2cc631d49b288a08df4be18f16553071ac84233dd76794b451,WEY,NMD,Weymouth and Portland,Weymouth and Portland Borough Council,Weymouth and Portland Borough Council,https://www.dorsetforyou.gov.uk,Dorset County Council,https://www.dorsetforyou.gov.uk
136,2016-10-21T16:11:20Z,sha-256:026364ae5a3a871e8ebef14a903a6e82aadef3338d91bbc2932aae38d9695bde,WDO,NMD,West Dorset,West Dorset District Council,West Dorset District Council,https://www.dorsetforyou.gov.uk,Dorset County Council,https://www.dorsetforyou.gov.uk
135,2016-10-21T16:11:20Z,sha-256:9ad45cda873d2088461f2a4b64a8ffea61966e5b4db5c74afe9ced1060bd0eff,PUR,NMD,Purbeck,Purbeck District Council,Purbeck District Council,https://www.dorsetforyou.gov.uk,Dorset County Council,https://www.dorsetforyou.gov.uk
134,2016-10-21T16:11:20Z,sha-256:daca6e482bb9e64a539a5777741161ea16abfe204fd88d5ad78ac323d99f5c0e,NDO,NMD,North Dorset,North Dorset District Council,North Dorset District Council,https://www.dorsetforyou.gov.uk,Dorset County Council,https://www.dorsetforyou.gov.uk
133,2016-10-21T16:11:20Z,sha-256:e6ed87378aa5160601711ff42131f5af3601c6678ef566e462c25fd0768ae7e9,EDO,NMD,East Dorset,East Dorset District Council,East Dorset District Council,https://www.dorsetforyou.gov.uk,Dorset County Council,https://www.dorsetforyou.gov.uk
132,2016-10-21T16:11:20Z,sha-256:62dabb3dd37e1036dfd02009a4963630efef3ea1e1119f233cd7b888121e893e,CHC,NMD,Christchurch,Christchurch Borough Council,Christchurch Borough Council,https://www.dorsetforyou.gov.uk,Dorset County Council,https://www.dorsetforyou.gov.uk
130,2016-10-21T16:11:20Z,sha-256:8eb9d876961a1c03af764598594d3d9e8bdd40e5ea1db9e48d9f887f4ad62b39,WDE,NMD,West Devon,West Devon Borough Council,West Devon Borough Council,https://www.westdevon.gov.uk,Devon County Council,https://new.devon.gov.uk
129,2016-10-21T16:11:20Z,sha-256:122e0f41c290ca726f870faaafd1101af3119f26eca1e1b8f6fef2bf95f7fa8b,TOR,NMD,Torridge,Torridge District Council,Torridge District Council,http://www.torridge.gov.uk,Devon County Council,https://new.devon.gov.uk
128,2016-10-21T16:11:20Z,sha-256:e027e57913b642b54224a1d1ef998dde11867a41c3caf7a40197ecd12ccd2fd0,TEI,NMD,Teignbridge,Teignbridge District Council,Teignbridge District Council,https://www.teignbridge.gov.uk,Devon County Council,https://new.devon.gov.uk
127,2016-10-21T16:11:20Z,sha-256:fdf1a5764b1c67798cb56233542ddb92c6ae46daf6c4f9cf9aae648d74b6ccc3,SHA,NMD,South Hams,South Hams District Council,South Hams District Council,https://www.southhams.gov.uk,Devon County Council,https://new.devon.gov.uk
126,2016-10-21T16:11:20Z,sha-256:11891c7ef3a625e19e2fccb2055103bf12601b08732db1e123b1bbd8ec5d03a3,NDE,NMD,North Devon,North Devon District Council,North Devon District Council,http://www.northdevon.gov.uk,Devon County Council,https://new.devon.gov.uk
125,2016-10-21T16:11:20Z,sha-256:e828f4cccf342c45a7439f7763fa134f281c993cae703388933e3028e9a72e37,MDE,NMD,Mid Devon,Mid Devon District Council,Mid Devon District Council,https://www.middevon.gov.uk,Devon County Council,https://new.devon.gov.uk
124,2016-10-21T16:11:20Z,sha-256:612a760ae62609243c7cef3ee5c56065b08d439d599c4bdd1a8e889ee60e69c7,EXE,NMD,Exeter,Exeter City Council,Exeter City Council,https://exeter.gov.uk,Devon County Council,https://new.devon.gov.uk
123,2016-10-21T16:11:20Z,sha-256:cfa3f218ea3cac78dce493b79692e9a32d470571feb3bc6697d5c9f096019b9d,EDE,NMD,East Devon,East Devon District Council,East Devon District Council,http://eastdevon.gov.uk,Devon County Council,https://new.devon.gov.uk
121,2016-10-21T16:11:20Z,sha-256:c625d11b3189a0e346c0f75d21c68ea5763cab064c550e16900890103fec81cc,SDE,NMD,South Derbyshire,South Derbyshire District Council,South Derbyshire District Council,http://www.south-derbys.gov.uk,Derbyshire County Council,https://www.derbyshire.gov.uk
120,2016-10-21T16:11:20Z,sha-256:5ba2ce31aa5c0fdfe2fa77099620142502ac69a2f6683603b018ecefde892903,NED,NMD,North East Derbyshire,North East Derbyshire District Council,North East Derbyshire District Council,http://www.ne-derbyshire.gov.uk,Derbyshire County Council,https://www.derbyshire.gov.uk
119,2016-10-21T16:11:20Z,sha-256:ab9857e85d1c6f47a7d3da7e7f20c8b78684c62b89eca2a4ef4ec138805fe10f,HIG,NMD,High Peak,High Peak Borough Council,High Peak Borough Council,https://www.highpeak.gov.uk,Derbyshire County Council,https://www.derbyshire.gov.uk
118,2016-10-21T16:11:20Z,sha-256:7d991e23d0ff0cbaa1fb48db6955e239d19617c3c927ae983e7a54a994549050,ERE,NMD,Erewash,Erewash Borough Council,Erewash Borough Council,http://www.erewash.gov.uk,Derbyshire County Council,https://www.derbyshire.gov.uk
117,2016-10-21T16:11:20Z,sha-256:a484f2927f950bcbe49731768e67fef28dd562c8bf0ba0550ab3ff5277063bd3,DEB,NMD,Derbyshire Dales,Derbyshire Dales District Council,Derbyshire Dales District Council,http://www.derbyshiredales.gov.uk,Derbyshire County Council,https://www.derbyshire.gov.uk
116,2016-10-21T16:11:20Z,sha-256:aca9117d577ab38dc6bd17c83ae4c8bde193c5e36911a6b67219c63c313d5906,CHS,NMD,Chesterfield,Chesterfield Borough Council,Chesterfield Borough Council,https://www.chesterfield.gov.uk,Derbyshire County Council,https://www.derbyshire.gov.uk
115,2016-10-21T16:11:20Z,sha-256:cf71a485dafc30f300db0ed421919e0daaa84c8e19b52ddcc41eb14042c16981,BOS,NMD,Bolsover,Bolsover District Council,Bolsover District Council,http://www.bolsover.gov.uk,Derbyshire County Council,https://www.derbyshire.gov.uk
114,2016-10-21T16:11:20Z,sha-256:ec26f4130dc628fe5d5ac958987a39888d0dd3b7850043e3a0bc089eac26052d,AMB,NMD,Amber Valley,Amber Valley Borough Council,Amber Valley Borough Council,http://www.ambervalley.gov.uk,Derbyshire County Council,https://www.derbyshire.gov.uk
112,2016-10-21T16:11:20Z,sha-256:b15deb67898679e580f89f7a84680f681439784a172ba60ce60e3581c0d99d02,DER,UA,Derby,Derby City Council,Derby City Council,http://www.derby.gov.uk,Derby City Council,http://www.derby.gov.uk
111,2016-10-21T16:11:20Z,sha-256:5f210932849e82b064464bf16ccd5240c41dd09d8d23f561c783f8cadee638f7,SLA,NMD,South Lakeland,South Lakeland District Council,South Lakeland District Council,https://www.southlakeland.gov.uk,Cumbria County Council,https://www.cumbria.gov.uk
110,2016-10-21T16:11:20Z,sha-256:4e0e4a2cccd48721847d2bcc8ebffe21c99f25e06944a8ab0c9ac0a8124a8520,EDN,NMD,Eden,Eden District Council,Eden District Council,https://www.eden.gov.uk,Cumbria County Council,https://www.cumbria.gov.uk
109,2016-10-21T16:11:20Z,sha-256:b70e6433846a7f70042ba492de47717a0c0ca709993fd39f290cdd6744d0b5c8,COP,NMD,Copeland,Copeland Borough Council,Copeland Borough Council,http://www.copeland.gov.uk,Cumbria County Council,https://www.cumbria.gov.uk
108,2016-10-21T16:11:20Z,sha-256:4540069f2d2ba86e91521aa9dc382f8e241521893de1e4f5824de5e01a482fa0,CAR,NMD,Carlisle,Carlisle City Council,Carlisle City Council,http://www.carlisle.gov.uk,Cumbria County Council,https://www.cumbria.gov.uk
107,2016-10-21T16:11:20Z,sha-256:980b813efea6783a79c4eae43efadd71e4548442b37b95de5d35fa3044660ad0,BAR,NMD,Barrow-in-Furness,Barrow-in-Furness Borough Council,Barrow-in-Furness Borough Council,http://www.barrowbc.gov.uk,Cumbria County Council,https://www.cumbria.gov.uk
106,2016-10-21T16:11:20Z,sha-256:27c545a4c79157b089379895e660c8a812afe08a4668230721661a40f30b3d18,ALL,NMD,Allerdale,Allerdale Borough Council,Allerdale Borough Council,http://www.allerdale.gov.uk,Cumbria County Council,https://www.cumbria.gov.uk
104,2016-10-21T16:11:20Z,sha-256:b52b87344c0cce4dbcf3b5ec64f7384ff7a933e7fd1aec936665fd557cad5db4,SCA,NMD,South Cambridgeshire,South Cambridgeshire District Council,South Cambridgeshire District Council,https://www.scambs.gov.uk,Cambridgeshire County Council,http://www.cambridgeshire.gov.uk
103,2016-10-21T16:11:20Z,sha-256:b22284f83460a1f21ff4bb7e84339aa3b66e0f148c9da4ed85d0c44978aecc81,HUN,NMD,Huntingdonshire,Huntingdonshire District Council,Huntingdonshire District Council,http://www.huntingdonshire.gov.uk,Cambridgeshire County Council,http://www.cambridgeshire.gov.uk
102,2016-10-21T16:11:20Z,sha-256:0dc4ed2e1b01f0f11ad975e4b5e43629210704ff8eaac5f7661f97ee572f2267,FEN,NMD,Fenland,Fenland District Council,Fenland District Council,http://www.fenland.gov.uk,Cambridgeshire County Council,http://www.cambridgeshire.gov.uk
101,2016-10-21T16:11:20Z,sha-256:36b63ad5e98092429dbdeeef29ee19f352d0a67b47c71c6e6c43d8d2f1b00c17,ECA,NMD,East Cambridgeshire,East Cambridgeshire District Council,East Cambridgeshire District Council,https://www.eastcambs.gov.uk,Cambridgeshire County Council,http://www.cambridgeshire.gov.uk
100,2016-10-21T16:11:20Z,sha-256:6a048d58e944ce2430256d04de09fc70a5c0ff08f08569a7fd5cb96dc559d7cb,CAB,NMD,Cambridge,Cambridge City Council,Cambridge City Council,https://www.cambridge.gov.uk,Cambridgeshire County Council,http://www.cambridgeshire.gov.uk
98,2016-10-21T16:11:20Z,sha-256:d87a75d2333ceaf0e308380ddc0de9fa47eb969413d917f934ee9c9cb31caadd,WYO,NMD,Wycombe,Wycombe District Council,Wycombe District Council,https://www.wycombe.gov.uk,Buckinghamshire County Council,https://www.buckscc.gov.uk
97,2016-10-21T16:11:20Z,sha-256:7a46ac88ba183f798146533df3e8d5dfa2875ce88783f4a4a6f34e818fcffdc9,SBU,NMD,South Bucks,South Bucks District Council,South Bucks District Council,http://www.southbucks.gov.uk,Buckinghamshire County Council,https://www.buckscc.gov.uk
96,2016-10-21T16:11:20Z,sha-256:f85475fa670bb47f0c78b4d8ff656739979a38210e6b8efaa63fb0d202a977f7,CHN,NMD,Chiltern,Chiltern District Council,Chiltern District Council,http://www.chiltern.gov.uk,Buckinghamshire County Council,https://www.buckscc.gov.uk
95,2016-10-21T16:11:20Z,sha-256:3190a7761b4538e2164747b84b891f711f71cbc5aeb96dac32597d772c52da80,AYL,NMD,Aylesbury Vale,Aylesbury Vale District Council,Aylesbury Vale District Council,https://www.aylesburyvaledc.gov.uk,Buckinghamshire County Council,https://www.buckscc.gov.uk
93,2016-10-21T16:11:20Z,sha-256:8c8464cf67ca5bc4da5fe1ce4017f797f82ff78bdb46b4c7ec1a8d1fe06668f9,YOR,UA,York,City of York Council,City of York Council,https://www.york.gov.uk,City of York Council,https://www.york.gov.uk
92,2016-10-21T16:11:20Z,sha-256:3042e6836d4f3d51cf6c8023b3d1b8b3cad557cbbef8b809e34ce2e6f638ace1,WRT,UA,Warrington,Warrington Borough Council,Warrington Borough Council,https://www.warrington.gov.uk,Warrington Borough Council,https://www.warrington.gov.uk
91,2016-10-21T16:11:20Z,sha-256:bd8d05413c7a1c80e504ed3aa566c464a7d44a669acee140bb23126cd691a404,WRL,MD,Wirral,Wirral Borough Council,Wirral Borough Council,https://www.wirral.gov.uk,Wirral Borough Council,https://www.wirral.gov.uk
90,2016-10-21T16:11:20Z,sha-256:21d3de9a748a147ee01f508e7e6f27bd689dd47a4e9c3b4d0122c4d17f6bdec4,WOK,UA,Wokingham,Wokingham Borough Council,Wokingham Borough Council,http://www.wokingham.gov.uk,Wokingham Borough Council,http://www.wokingham.gov.uk
89,2016-10-21T16:11:20Z,sha-256:81a8ac8d9d2f7b4d3f09b6bd75ca18a0a264c7b444711bbdd61189df3d928c12,WNM,UA,Windsor and Maidenhead,Royal Borough of Windsor and Maidenhead,Royal Borough of Windsor and Maidenhead,http://www.rbwm.gov.uk,Royal Borough of Windsor and Maidenhead,http://www.rbwm.gov.uk
88,2016-10-21T16:11:20Z,sha-256:9ff5181b2bf39be43930c23acce22fa01c2960ec675e03a3cbc9d5b2ce2e894f,WLV,MD,Wolverhampton,City of Wolverhampton Council,City of Wolverhampton Council,http://www.wolverhampton.gov.uk,City of Wolverhampton Council,http://www.wolverhampton.gov.uk
87,2016-10-21T16:11:20Z,sha-256:8c2fcad5c26b843bdcb7323bfde67b58d02b0cbfef21b3006a5c2e73f4098c3d,WLL,MD,Walsall,Walsall Metropolitan Borough Council,Walsall Metropolitan Borough Council,https://www.walsall.gov.uk,Walsall Metropolitan Borough Council,https://www.walsall.gov.uk
86,2016-10-21T16:11:20Z,sha-256:419671e32a54b89507322123871f9cc9a52c65f75f5f8c89ceefd0c092ceee3d,WKF,MD,Wakefield,Wakefield Metropolitan District Council,Wakefield Metropolitan District Council,http://www.wakefield.gov.uk,Wakefield Metropolitan District Council,http://www.wakefield.gov.uk
85,2016-10-21T16:11:20Z,sha-256:33773993a4c3a155cd9be050901fe6ce60f984217c76bb6e01302760eaeb8914,WIL,UA,Wiltshire,Wiltshire Council,Wiltshire Council,http://www.wiltshire.gov.uk,Wiltshire Council,http://www.wiltshire.gov.uk
84,2016-10-21T16:11:20Z,sha-256:6c876317e4b58c9fc0eee089a981c7c53289df911b51534ff8649a3c0e1682dd,WGN,MD,Wigan,Wigan Metropolitan Borough Council,Wigan Metropolitan Borough Council,https://www.wigan.gov.uk,Wigan Metropolitan Borough Council,https://www.wigan.gov.uk
83,2016-10-21T16:11:20Z,sha-256:043121ce7a29c2e742342b9507546f115aa841f21eba63e44497e8b22715724d,WBK,UA,West Berkshire,West Berkshire Council,West Berkshire Council,http://www.westberks.gov.uk,West Berkshire Council,http://www.westberks.gov.uk
82,2016-10-21T16:11:20Z,sha-256:ec791d529ed308fef9a8240947a2d34feb39c53133d6bf0f7fe40e92e72136b5,TRF,MD,Trafford,Trafford Metropolitan Borough Council,Trafford Metropolitan Borough Council,http://www.trafford.gov.uk,Trafford Metropolitan Borough Council,http://www.trafford.gov.uk
81,2016-10-21T16:11:20Z,sha-256:a6e4343754aaa670fbc8cfd591aeeef725d023b13bfeecb4e1f369d6eb631604,TOB,UA,Torbay,Torbay Council,Torbay Council,http://www.torbay.gov.uk,Torbay Council,http://www.torbay.gov.uk
80,2016-10-21T16:11:20Z,sha-256:30249683cf553f51fb1a3ba40fa17eec70c6ac9304695e825e17bb161f967a36,THR,UA,Thurrock,Thurrock Council,Thurrock Council,https://www.thurrock.gov.uk,Thurrock Council,https://www.thurrock.gov.uk
79,2016-10-21T16:11:20Z,sha-256:3a5a9ba405457b5b07f311d6e7a223e196abca94276c8308d2c525817d1f1383,TFW,UA,Telford and Wrekin,Telford & Wrekin Council,Telford & Wrekin Council,https://en.wikipedia.org,Telford & Wrekin Council,https://en.wikipedia.org
78,2016-10-21T16:11:20Z,sha-256:f8ca656132389cc0eb5ae8f9e3186f548b1a089173b33e0ed8f84b4ef357018a,TAM,MD,Tameside,Tameside Metropolitan Borough Council,Tameside Metropolitan Borough Council,http://www.tameside.gov.uk,Tameside Metropolitan Borough Council,http://www.tameside.gov.uk
77,2016-10-21T16:11:20Z,sha-256:f3b486068d9e54a2adc960727f540f98da3d54a079a35aa23a48da3604814611,SWD,UA,Swindon,Swindon Borough Council,Swindon Borough Council,https://www.swindon.gov.uk,Swindon Borough Council,https://www.swindon.gov.uk
76,2016-10-21T16:11:20Z,sha-256:f851cad5200a01ce28c3cc506d7aae1cba41d6e8e95d49e71e612aee4575d531,STY,MD,South Tyneside,South Tyneside Council,South Tyneside Council,https://www.southtyneside.gov.uk,South Tyneside Council,https://www.southtyneside.gov.uk
75,2016-10-21T16:11:20Z,sha-256:bd937631ab6bbfeeeafa49fac19175f40298128b6d3f11c1b94dfe2dd5840d7f,STT,UA,Stockton-on-Tees,Stockton-on-Tees Borough Council,Stockton-on-Tees Borough Council,https://www.stockton.gov.uk,Stockton-on-Tees Borough Council,https://www.stockton.gov.uk
74,2016-10-21T16:11:20Z,sha-256:20b924ba28000b83449361c76d23215e886bc91937383905a36e16bbdfdd6f13,STH,UA,Southampton,Southampton City Council,Southampton City Council,https://www.southampton.gov.uk,Southampton City Council,https://www.southampton.gov.uk
73,2016-10-21T16:11:20Z,sha-256:ac5fbf8c8c6bfe793c8b9823b543333ecf6cb6481ede2ae43b3e4705e001b439,STE,UA,Stoke-on-Trent,Stoke-on-Trent City Council,Stoke-on-Trent City Council,http://www.stoke.gov.uk,Stoke-on-Trent City Council,http://www.stoke.gov.uk
72,2016-10-21T16:11:20Z,sha-256:486417656b0a27f43ce20a2bfd7da2d2b6889ce3fd06095bb8f2762d0f2e4b71,SOS,UA,Southend-on-Sea,Southend-on-Sea Borough Council,Southend-on-Sea Borough Council,http://www.southend.gov.uk,Southend-on-Sea Borough Council,http://www.southend.gov.uk
71,2016-10-21T16:11:20Z,sha-256:9a9437b0fcf91bf21245458c0001b6c6c21e09e2a87c0784cac34eb81e52caeb,SOL,MD,Solihull,Solihull Metropolitan Borough Council,Solihull Metropolitan Borough Council,http://www.solihull.gov.uk,Solihull Metropolitan Borough Council,http://www.solihull.gov.uk
70,2016-10-21T16:11:20Z,sha-256:ca2e0e162b5ba3dc6d2939f2ca9db4f0c3ed39482c8f2e82ace2e572427a8a9b,SND,MD,Sunderland,Sunderland City Council,Sunderland City Council,http://www.sunderland.gov.uk,Sunderland City Council,http://www.sunderland.gov.uk
69,2016-10-21T16:11:20Z,sha-256:8e693cba4b503b5bbeea28b66e99aa937698941e7f6840d9b96db0fa8f146bc8,SLG,UA,Slough,Slough Borough Council,Slough Borough Council,https://www.slough.gov.uk,Slough Borough Council,https://www.slough.gov.uk
68,2016-10-21T16:11:20Z,sha-256:fc9f9d158042b7ec6fed5a41c13635aab258581fc137b42c93fe3b0bba4871b5,SLF,MD,Salford,Salford City Council,Salford City Council,http://www.salford.gov.uk,Salford City Council,http://www.salford.gov.uk
67,2016-10-21T16:11:20Z,sha-256:22b2d0de1b9b3206a35892b171ad88e9a1baf118eab2f6b38bfa32a62e8f7d18,SKP,MD,Stockport,Stockport Metropolitan Borough Council,Stockport Metropolitan Borough Council,https://www.stockport.gov.uk,Stockport Metropolitan Borough Council,https://www.stockport.gov.uk
66,2016-10-21T16:11:20Z,sha-256:eb4a9feeec8023511115a904b68ca9c65b035eb76f57e4f7ed9e6c1b22ddd9b3,SHR,UA,Shropshire,Shropshire Council,Shropshire Council,https://www.shropshire.gov.uk,Shropshire Council,https://www.shropshire.gov.uk
65,2016-10-21T16:11:20Z,sha-256:88d92f32e0a0c85fcd5c9b8d9edf5255a92b3401aaf1c72d28302ddda4d95d8b,SHN,MD,St. Helens,St Helens Council,St Helens Council,https://www.sthelens.gov.uk,St Helens Council,https://www.sthelens.gov.uk
64,2016-10-21T16:11:20Z,sha-256:236b1c3ccca63e8749e1cc31ec56e9fc82670554e7de19cf9ca16f234400fc09,SHF,MD,Sheffield,Sheffield City Council,Sheffield City Council,https://www.sheffield.gov.uk,Sheffield City Council,https://www.sheffield.gov.uk
63,2016-10-21T16:11:20Z,sha-256:a74be53b68aed5f363f7170c1c7d122ac7a9a4096d03d06803b16403351b7e2a,SGC,UA,South Gloucestershire,South Gloucestershire Council,South Gloucestershire Council,http://www.southglos.gov.uk,South Gloucestershire Council,http://www.southglos.gov.uk
62,2016-10-21T16:11:20Z,sha-256:ba5d07f3e14cc7158bf54e2c00d14507f021d50230a3cbe3320b65984b1e3a2e,SFT,MD,Sefton,Sefton Metropolitan Borough Council,Sefton Metropolitan Borough Council,https://www.sefton.gov.uk,Sefton Metropolitan Borough Council,https://www.sefton.gov.uk
61,2016-10-21T16:11:20Z,sha-256:41e7bf3f81ab00b0677007fcff7cf20e96a8e01af4f609107716ba7bd3f83570,SAW,MD,Sandwell,Sandwell Metropolitan Borough Council,Sandwell Metropolitan Borough Council,http://www.sandwell.gov.uk,Sandwell Metropolitan Borough Council,http://www.sandwell.gov.uk
60,2016-10-21T16:11:20Z,sha-256:ee39e7e6091ede83f4b4a11e9cdae0ccd95ed059f0072acb1e2cb4406db46e2b,RUT,UA,Rutland,Rutland County Council,Rutland County Council,https://www.rutland.gov.uk,Rutland County Council,https://www.rutland.gov.uk
59,2016-10-21T16:11:20Z,sha-256:7ccf88c17b33de7665e23eb42cdc291792b2e4510c5bb7e2d8bafa77401169ff,ROT,MD,Rotherham,Rotherham Metropolitan Borough Council,Rotherham Metropolitan Borough Council,http://www.rotherham.gov.uk,Rotherham Metropolitan Borough Council,http://www.rotherham.gov.uk
58,2016-10-21T16:11:20Z,sha-256:e7cd34560bf3880d2c100d79675e44184484e350d2f312ddc09aad6dbc3f4868,RDG,UA,Reading,Reading Borough Council,Reading Borough Council,https://www.reading.gov.uk,Reading Borough Council,https://www.reading.gov.uk
57,2016-10-21T16:11:20Z,sha-256:a95a0d14f64cbb220b196fe20ac9b0079654a69ee18424a8f36de0bb6d934554,RCH,MD,Rochdale,Rochdale Metropolitan Borough Council,Rochdale Metropolitan Borough Council,http://www.rochdale.gov.uk,Rochdale Metropolitan Borough Council,http://www.rochdale.gov.uk
56,2016-10-21T16:11:20Z,sha-256:665e59c0c7162992942b224538778c9bed74b2a4050429b6961cae503c0aaa4c,RCC,UA,Redcar and Cleveland,Redcar and Cleveland Borough Council,Redcar and Cleveland Borough Council,https://www.redcar-cleveland.gov.uk,Redcar and Cleveland Borough Council,https://www.redcar-cleveland.gov.uk
55,2016-10-21T16:11:20Z,sha-256:5978a4c9f264d63fe60cd275797e1d0f7f5b21de983e054c7847d2c57cbce5e2,PTE,UA,Peterborough,Peterborough City Council,Peterborough City Council,https://www.peterborough.gov.uk,Peterborough City Council,https://www.peterborough.gov.uk
54,2016-10-21T16:11:20Z,sha-256:eda233705a3a2102edb7a0f71171a79cceca38a995b79b8237f77d0311df8735,POR,UA,Portsmouth,Portsmouth City Council,Portsmouth City Council,https://www.portsmouth.gov.uk,Portsmouth City Council,https://www.portsmouth.gov.uk
53,2016-10-21T16:11:20Z,sha-256:27c7fd354b3b200c6b2afad78aa86324289e15eb61ea254cee8f6e84cf25b0ca,POL,UA,Poole,Borough of Poole,Borough of Poole,http://www.poole.gov.uk,Borough of Poole,http://www.poole.gov.uk
52,2016-10-21T16:11:20Z,sha-256:25617c34301ca5d0db0f50293a03e774b642aaaef3721121307ad3827b1d049a,PLY,UA,Plymouth,Plymouth City Council,Plymouth City Council,https://www.plymouth.gov.uk,Plymouth City Council,https://www.plymouth.gov.uk
51,2016-10-21T16:11:20Z,sha-256:f76541ffed2b84375f6b8ad45f6c5f59e668d70685a59149f1dc07e2ace36735,OLD,MD,Oldham,Oldham Metropolitan Borough Council,Oldham Metropolitan Borough Council,http://www.oldham.gov.uk,Oldham Metropolitan Borough Council,http://www.oldham.gov.uk
50,2016-10-21T16:11:20Z,sha-256:54a5cade60f4236a0cac25346d3f8558c6b88075f9c6de0828ff377ad3588232,NTY,MD,North Tyneside,North Tyneside Council,North Tyneside Council,http://my.northtyneside.gov.uk,North Tyneside Council,http://my.northtyneside.gov.uk
49,2016-10-21T16:11:20Z,sha-256:fcf80ebe3b38ce518907826b9ff2ab6da19292e9d4a0148d3c22f603ea3867ff,NSM,UA,North Somerset,North Somerset  Council,North Somerset  Council,http://www.n-somerset.gov.uk,North Somerset  Council,http://www.n-somerset.gov.uk
48,2016-10-21T16:11:20Z,sha-256:6acb535cf8efe0de7ac9ec4d692a1c45c03c6aa7d2fafae09a314343f8862b56,NLN,UA,North Lincolnshire,North Lincolnshire Council,North Lincolnshire Council,http://www.northlincs.gov.uk,North Lincolnshire Council,http://www.northlincs.gov.uk
47,2016-10-21T16:11:20Z,sha-256:72f2fdda13fa199fc697f10feb42cc6f522d6603383a5dfed3190b2f1f000456,NGM,UA,Nottingham,Nottingham City Council,Nottingham City Council,http://www.nottinghamcity.gov.uk,Nottingham City Council,http://www.nottinghamcity.gov.uk
46,2016-10-21T16:11:20Z,sha-256:83d9562078ab22c8b77852b8ef90be19346d63d9a6d3790a21ba7c109a44bf89,NET,MD,Newcastle upon Tyne,Newcastle City Council,Newcastle City Council,https://www.newcastle.gov.uk,Newcastle City Council,https://www.newcastle.gov.uk
45,2016-10-21T16:11:20Z,sha-256:7465151ed7ce282554cee22eb3bf93fc2d5274123be2da1e71c31905904f7811,NEL,UA,North East Lincolnshire,North East Lincolnshire Council,North East Lincolnshire Council,https://www.nelincs.gov.uk,North East Lincolnshire Council,https://www.nelincs.gov.uk
44,2016-10-21T16:11:20Z,sha-256:0ed1f6d3321a473b463a17b46332fe920e853954db856844669303a5aba0361b,NBL,UA,Northumberland,Northumberland County Council,Northumberland County Council,http://www.northumberland.gov.uk,Northumberland County Council,http://www.northumberland.gov.uk
43,2016-10-21T16:11:20Z,sha-256:59a849651bd58ba9266a007a11c52b2682c4bb98c86bc8dedac063da0c9adede,MIK,UA,Milton Keynes,Milton Keynes Council,Milton Keynes Council,https://www.milton-keynes.gov.uk,Milton Keynes Council,https://www.milton-keynes.gov.uk
42,2016-10-21T16:11:20Z,sha-256:5a3d51e49737bc0d54297b8985fd6be8eae1d3b7224d57db3f707fe0572529e1,MDW,UA,Medway,Medway Council,Medway Council,http://www.medway.gov.uk,Medway Council,http://www.medway.gov.uk
41,2016-10-21T16:11:20Z,sha-256:1bdea0a03ff7f51a4be3d130ecc1299afba5886d2ba3e8cd26478a9b88ed3b2e,MDB,UA,Middlesbrough,Middlesbrough Borough Council,Middlesbrough Borough Council,https://www.middlesbrough.gov.uk,Middlesbrough Borough Council,https://www.middlesbrough.gov.uk
40,2016-10-21T16:11:20Z,sha-256:f3b12bd2a32ee850a2f23b10fdc769c87593aa633f414e6166bc3d0d9df001e2,MAN,MD,Manchester,Manchester City Council,Manchester City Council,http://www.manchester.gov.uk,Manchester City Council,http://www.manchester.gov.uk
39,2016-10-21T16:11:20Z,sha-256:304949d78e0c42591cf9bb547bc7143b869bb29217618633e3a9ba933eb1e1d7,LUT,UA,Luton,Luton Borough Council,Luton Borough Council,http://www.luton.gov.uk,Luton Borough Council,http://www.luton.gov.uk
37,2016-10-21T16:11:20Z,sha-256:62b21c328d7a6ed136ff99b0815ef3059d2ce0b483d666e6b10af0982ab057b6,LIV,MD,Liverpool,Liverpool City Council,Liverpool City Council,https://liverpool.gov.uk,Liverpool City Council,https://liverpool.gov.uk
36,2016-10-21T16:11:20Z,sha-256:0c8e89a02b4633068ea378212ec627c121661ee6b6e8ed4def6c3dd2f1ee12a8,LDS,MD,Leeds,Leeds City Council,Leeds City Council,http://www.leeds.gov.uk,Leeds City Council,http://www.leeds.gov.uk
35,2016-10-21T16:11:20Z,sha-256:79bed62716654d6a658da50ae1005c0bf505b7dd21ec47621c943aa68d88935c,LCE,UA,Leicester,Leicester City Council,Leicester City Council,https://www.leicester.gov.uk,Leicester City Council,https://www.leicester.gov.uk
34,2016-10-21T16:11:20Z,sha-256:8a4f9e0278a5ad3658f6ed4bb10b9947b571a053cc05cb11403e9a091e60adb8,KWL,MD,Knowsley,Knowsley Metropolitan Borough Council,Knowsley Metropolitan Borough Council,http://www.knowsley.gov.uk,Knowsley Metropolitan Borough Council,http://www.knowsley.gov.uk
33,2016-10-21T16:11:20Z,sha-256:252203a8a2d293cac579da8cf8114d207b5237fd4be7d079e56aaa97fe318a94,KIR,MD,Kirklees,Kirklees Council,Kirklees Council,http://www.kirklees.gov.uk,Kirklees Council,http://www.kirklees.gov.uk
32,2016-10-21T16:11:20Z,sha-256:579b5b0237266f29b3f2fbf601134f42e6ca703849e9942bae8bedf63be18ad6,KHL,UA,Kingston upon Hull,Hull City Council,Hull City Council,http://hull.gov.uk,Hull City Council,http://hull.gov.uk
31,2016-10-21T16:11:20Z,sha-256:676704d520d2ca164baa2838c6c0c8768c7e587c7c5872ea7e051c524aeaca38,IOW,UA,Isle of Wight,Isle of Wight Council,Isle of Wight Council,https://www.iwight.com,Isle of Wight Council,https://www.iwight.com
30,2016-10-21T16:11:20Z,sha-256:d0a3363ca473bb8292d1f8c7b91d57e68e1f83af60d2cdaddf84651ae6d0f15c,IOS,UA,Isles of Scilly,Council of the Isles of Scilly,Council of the Isles of Scilly,http://www.scilly.gov.uk,Council of the Isles of Scilly,http://www.scilly.gov.uk
29,2016-10-21T16:11:20Z,sha-256:8bcdbac532ccf215a34ffe3b993505883eee0c1f37f5b84ac6da75a7882af7a2,HPL,UA,Hartlepool,Hartlepool Borough Council,Hartlepool Borough Council,https://www.hartlepool.gov.uk,Hartlepool Borough Council,https://www.hartlepool.gov.uk
28,2016-10-21T16:11:20Z,sha-256:059f083e23c81b90c79417526205390cb8592d6da6e10549d3e509058f23e246,HEF,UA,Herefordshire,Herefordshire Council,Herefordshire Council,https://www.herefordshire.gov.uk,Herefordshire Council,https://www.herefordshire.gov.uk
27,2016-10-21T16:11:20Z,sha-256:86314a606736a8aa5dd78a181d7bc5bd15b4a610c8764c62fa9c404ab41364c6,HAL,UA,Halton,Halton Borough Council,Halton Borough Council,http://www3.halton.gov.uk,Halton Borough Council,http://www3.halton.gov.uk
25,2016-10-21T16:11:20Z,sha-256:c35115d9832ee0e72e0508ebdb03ba75ac6fad5029ed7d46d9868eb7d3a13f9f,GAT,MD,Gateshead,Gateshead Metropolitan Borough Council,Gateshead Metropolitan Borough Council,http://www.gateshead.gov.uk,Gateshead Metropolitan Borough Council,http://www.gateshead.gov.uk
24,2016-10-21T16:11:20Z,sha-256:6430e359b8ac37a602adb329ea93272e97ec9e0cd9af3c9dc9f6fe6cf07c6e1d,ERY,UA,East Riding of Yorkshire,East Riding of Yorkshire Council,East Riding of Yorkshire Council,http://www.eastriding.gov.uk,East Riding of Yorkshire Council,http://www.eastriding.gov.uk
23,2016-10-21T16:11:20Z,sha-256:f119a10ffa2c3dee98a3e9e1465993f9db8157aaf5e6749c06a4cde18b6e631a,DUR,UA,County Durham,Durham County Council,Durham County Council,http://www.durham.gov.uk,Durham County Council,http://www.durham.gov.uk
22,2016-10-21T16:11:20Z,sha-256:24c1e4aa498ec58ae72ed8853241b434036e68fbd33d4fb50b882d1d80043b4c,DUD,MD,Dudley,Dudley Metropolitan Borough Council,Dudley Metropolitan Borough Council,NA,Dudley Metropolitan Borough Council,NA
21,2016-10-21T16:11:20Z,sha-256:950191c93f0e9a81ee1bfa7004d2bd340b526a6eba94259aaff7773271a7c38a,DNC,MD,Doncaster,Doncaster Metropolitan Borough Council,Doncaster Metropolitan Borough Council,http://www.doncaster.gov.uk,Doncaster Metropolitan Borough Council,http://www.doncaster.gov.uk
20,2016-10-21T16:11:20Z,sha-256:c5dff3ea6f76b3b81f4ea1f9600cb2f36edae181f480f85fc17c94d78bcfa22f,DAL,UA,Darlington,Darlington Borough Council,Darlington Borough Council,http://www.darlington.gov.uk,Darlington Borough Council,http://www.darlington.gov.uk
19,2016-10-21T16:11:20Z,sha-256:494a9dc4359f12f6efa8f2a4f2809e426369b178b9bac683443416443165188f,COV,MD,Coventry,Coventry City Council,Coventry City Council,http://www.coventry.gov.uk,Coventry City Council,http://www.coventry.gov.uk
18,2016-10-21T16:11:20Z,sha-256:eae8a6feb348660d000a68759403474adac30f8c6cb1c0a7dc8cdeb3e18c3601,CON,UA,Cornwall,Cornwall Council,Cornwall Council,https://www.cornwall.gov.uk,Cornwall Council,https://www.cornwall.gov.uk
17,2016-10-21T16:11:20Z,sha-256:7cb915e3eb1015cf29e584d8e1f48afdf0057b73e50200811add981ee2cad657,CLD,MD,Calderdale,Calderdale Metropolitan Borough Council,Calderdale Metropolitan Borough Council,https://www.calderdale.gov.uk,Calderdale Metropolitan Borough Council,https://www.calderdale.gov.uk
16,2016-10-21T16:11:20Z,sha-256:c925caef7a70a5c085ad2d7fad91ef0379416006725d9e389e7c50d8ae70b469,CHW,UA,Cheshire West and Chester,Cheshire West and Chester Council,Cheshire West and Chester Council,https://www.cheshirewestandchester.gov.uk,Cheshire West and Chester Council,https://www.cheshirewestandchester.gov.uk
15,2016-10-21T16:11:20Z,sha-256:4a959ea12ab0ece0690ac6986125d2cd25e6582172406ddc72107f597f6e593e,CHE,UA,Cheshire East,Cheshire East Council,Cheshire East Council,http://www.cheshireeast.gov.uk,Cheshire East Council,http://www.cheshireeast.gov.uk
14,2016-10-21T16:11:20Z,sha-256:914bd4413a666ad6b4211abba37a6b29277a39ac8edb83f85ac4a45965cc693e,CBF,UA,Central Bedfordshire,Central Bedfordshire Council,Central Bedfordshire Council,http://www.centralbedfordshire.gov.uk,Central Bedfordshire Council,http://www.centralbedfordshire.gov.uk
13,2016-10-21T16:11:20Z,sha-256:4214341c68159f1aa0a4a80a9c59416cf9d432dd10c37cc40285250608a8cf33,BUR,MD,Bury,Bury Metropolitan Borough Council,Bury Metropolitan Borough Council,http://www.bury.gov.uk,Bury Metropolitan Borough Council,http://www.bury.gov.uk
12,2016-10-21T16:11:20Z,sha-256:82f18b8f01cd56bbf189018c76a0eb8faebbbdec2c0736e59fc49b4c73bd6070,BST,UA,City of Bristol,Bristol City Council,Bristol City Council,https://www.bristol.gov.uk,Bristol City Council,https://www.bristol.gov.uk
11,2016-10-21T16:11:20Z,sha-256:c541c0ae36fc776c0b819ddb0b6ee28d9fc15f8c9c9d99de61bb9289815b48d9,BRD,MD,Bradford,City of Bradford Metropolitan District Council,City of Bradford Metropolitan District Council,https://www.bradford.gov.uk,City of Bradford Metropolitan District Council,https://www.bradford.gov.uk
10,2016-10-21T16:11:20Z,sha-256:00a2c66ab69086fd9ed8d43a46e04d1577340468bd43e8fb46dcf4d6ae59c439,BRC,UA,Bracknell Forest,Bracknell Forest Council,Bracknell Forest Council,http://www.bracknell-forest.gov.uk,Bracknell Forest Council,http://www.bracknell-forest.gov.uk
9,2016-10-21T16:11:20Z,sha-256:0cd1103a9b0e4dcd774f6c52a4d541e8a029e78ae609b46eb1d0546df9587a6a,BPL,UA,Blackpool,Blackpool Borough Council,Blackpool Borough Council,https://www.blackpool.gov.uk,Blackpool Borough Council,https://www.blackpool.gov.uk
8,2016-10-21T16:11:20Z,sha-256:2cfa1b4bd729bde785a1fdb004c6be6a04eda3ed0ac1198401ef144b218545e0,BOL,MD,Bolton,Bolton Metropolitan Borough Council,Bolton Metropolitan Borough Council,http://www.bolton.gov.uk,Bolton Metropolitan Borough Council,http://www.bolton.gov.uk
7,2016-10-21T16:11:20Z,sha-256:99d5b1631c6241b31d4c22a867802035763649efa50cc8e4c5c25a71e484d412,BNS,MD,Barnsley,Barnsley Metropolitan Borough Council,Barnsley Metropolitan Borough Council,https://www.barnsley.gov.uk,Barnsley Metropolitan Borough Council,https://www.barnsley.gov.uk
6,2016-10-21T16:11:20Z,sha-256:792c58bf07b54a3a072c8c8a7e9b0681490e3cc76ee6e95da20434520b66d9c7,BNH,UA,Brighton and Hove,Brighton and Hove City Council,Brighton and Hove City Council,https://www.brighton-hove.gov.uk,Brighton and Hove City Council,https://www.brighton-hove.gov.uk
5,2016-10-21T16:11:20Z,sha-256:37ca110698ea569fc229e5042830384890ab1095737f1630c9de30692cfcf973,BMH,UA,Bournemouth,Bournemouth Borough Council,Bournemouth Borough Council,http://www.bournemouth.gov.uk,Bournemouth Borough Council,http://www.bournemouth.gov.uk
4,2016-10-21T16:11:20Z,sha-256:bdc17a29807f47a94cf612abf92fcadd2d83176f9ea419b4eeda23af2cf25ef9,BIR,MD,Birmingham,Birmingham City Council,Birmingham City Council,https://www.birmingham.gov.uk,Birmingham City Council,https://www.birmingham.gov.uk
3,2016-10-21T16:11:20Z,sha-256:01cda95d102807943d68f71bbe7b9b290dec2ebdb15967ca66820f825ece5831,BDF,UA,Bedford,Bedford Borough Council,Bedford Borough Council,https://www.bedford.gov.uk,Bedford Borough Council,https://www.bedford.gov.uk
2,2016-10-21T16:11:20Z,sha-256:37dd060a3efa6d5bf16f876e08fa867210f424e2e4a7989d0322218f6772332d,BBD,UA,Blackburn with Darwen,Blackburn with Darwen Borough Council,Blackburn with Darwen Borough Council,http://www.blackburn.gov.uk,Blackburn with Darwen Borough Council,http://www.blackburn.gov.uk
1,2016-10-21T16:11:20Z,sha-256:6c4c815895ea675857ee4ec3fb40571ce54faf5ebcdd5d73a2aae347d4003c31,BAS,UA,Bath and North East Somerset,Bath and North East Somerset Council,Bath and North East Somerset Council,http://www.bathnes.gov.uk,Bath and North East Somerset Council,http://www.bathnes.gov.uk
